Time,V1,V2,T1,T2
18/10/18 01:00,9656,4792,791,100
18/10/18 02:00,9503,4709,795,100
18/10/18 03:00,9461,4722,795,100
18/10/18 04:00,9461,4715,797,100
18/10/18 05:00,9534,4747,798,100
18/10/18 06:00,9788,4896,799,100
18/10/18 07:00,9825,4852,798,100
18/10/18 08:00,9702,4799,799,100
23/10/18 03:00,9191,6066,767,100
23/10/18 04:00,9117,5833,772,100
23/10/18 05:00,9030,5523,753,100
23/10/18 06:00,9214,5332,750,100
23/10/18 07:00,9384,5163,753,100
23/10/18 08:00,9622,5229,755,100
23/10/18 09:00,9617,5194,770,100
23/10/18 10:00,9446,5142,808,100
23/10/18 11:00,9338,5225,812,100
23/10/18 12:00,9272,5297,802,100
23/10/18 13:00,9429,5554,797,100
23/10/18 14:00,9447,5662,811,100
23/10/18 15:00,9370,5592,814,100
23/10/18 16:00,9254,5529,824,100
23/10/18 17:00,9114,5427,830,100
23/10/18 18:00,8707,5172,824,100
23/10/18 19:00,8422,4859,830,100
23/10/18 20:00,8290,4555,835,100
23/10/18 21:00,8343,4454,832,100
23/10/18 22:00,8753,4625,831,100
23/10/18 23:00,9084,4910,824,100
24/10/18 00:00,9262,5183,820,100
24/10/18 01:00,9027,4990,830,100
24/10/18 02:00,8927,4801,838,100
24/10/18 03:00,8891,4790,836,100
24/10/18 04:00,8864,4756,836,100
24/10/18 05:00,9031,4948,842,100
24/10/18 06:00,9089,5197,844,100
24/10/18 07:00,9049,5236,843,100
24/10/18 08:00,8898,5149,834,100
24/10/18 09:00,8614,4925,836,100
24/10/18 10:00,8337,4597,836,100
24/10/18 11:00,8140,4292,814,100
24/10/18 12:00,8069,4310,799,100
24/10/18 13:00,8202,4356,835,100
24/10/18 14:00,8424,4589,852,100
24/10/18 15:00,8323,4541,862,100
24/10/18 16:00,8400,4434,851,100
24/10/18 17:00,8696,4576,842,100
24/10/18 18:00,8866,4504,843,100
24/10/18 19:00,9283,4698,846,100
24/10/18 20:00,9500,4739,845,100
24/10/18 21:00,9494,4722,844,100
24/10/18 22:00,9469,4720,844,100
24/10/18 23:00,9464,4736,845,100
25/10/18 00:00,9475,4766,845,100
25/10/18 01:00,9489,4777,845,100
25/10/18 02:00,9484,4780,847,100
25/10/18 03:00,9503,4796,847,100
25/10/18 04:00,9493,4800,847,100
25/10/18 05:00,9486,4803,848,100
25/10/18 06:00,9497,4813,847,100
25/10/18 07:00,9502,4815,849,100
25/10/18 08:00,9509,4821,852,100
25/10/18 09:00,9521,4839,847,100
25/10/18 10:00,9496,4843,821,100
25/10/18 11:00,9455,4842,829,100
25/10/18 12:00,9448,4842,834,100
25/10/18 13:00,9449,4797,848,100
25/10/18 14:00,9494,4765,853,100
25/10/18 15:00,9535,4731,854,100
25/10/18 16:00,9543,4695,856,100
25/10/18 17:00,9536,4684,846,100
25/10/18 18:00,9500,4688,853,100
25/10/18 19:00,9479,4702,851,100
25/10/18 20:00,9472,4715,830,100
25/10/18 21:00,9494,4734,842,100
25/10/18 22:00,9502,4750,848,100
25/10/18 23:00,9523,4776,852,100
26/10/18 00:00,9546,4809,856,100
26/10/18 01:00,9512,4838,857,100
26/10/18 02:00,9527,4819,858,100
26/10/18 03:00,9555,4772,856,100
26/10/18 04:00,9572,4717,855,100
26/10/18 05:00,9591,4654,856,100
26/10/18 06:00,9583,4623,856,100
26/10/18 07:00,9567,4601,853,100
26/10/18 08:00,9532,4622,811,100
26/10/18 09:00,9487,4676,841,100
26/10/18 10:00,9439,4733,851,100
26/10/18 11:00,9384,4802,857,100
26/10/18 12:00,9404,4855,843,100
26/10/18 13:00,9486,4910,843,100
26/10/18 14:00,9556,4961,841,100
26/10/18 15:00,9638,5017,846,100
26/10/18 16:00,9682,5053,847,100
26/10/18 17:00,9710,5057,847,100
26/10/18 18:00,9760,5060,795,100
26/10/18 19:00,9734,5057,820,100
26/10/18 20:00,9748,5084,839,100
26/10/18 21:00,9773,5128,845,100
26/10/18 22:00,9777,5162,843,100
26/10/18 23:00,9820,5175,849,100
27/10/18 00:00,9787,5048,842,100
27/10/18 01:00,9735,5042,837,100
27/10/18 02:00,9735,5060,830,100
27/10/18 03:00,9730,5073,838,100
27/10/18 04:00,9742,5186,828,100
27/10/18 05:00,9723,5147,842,100
27/10/18 06:00,9683,5096,844,100
27/10/18 07:00,9661,5066,846,100
27/10/18 08:00,9656,5089,850,100
27/10/18 09:00,9704,5127,850,100
27/10/18 10:00,9755,5186,850,100
27/10/18 11:00,9791,5193,851,100
27/10/18 12:00,9799,5146,854,100
27/10/18 13:00,9795,5103,852,100
27/10/18 14:00,9777,5040,850,100
27/10/18 15:00,9787,5032,851,100
27/10/18 16:00,9821,5042,849,100
27/10/18 17:00,9846,5056,846,100
27/10/18 18:00,9863,5068,846,100
27/10/18 19:00,9886,5076,843,100
27/10/18 20:00,9884,5066,840,100
27/10/18 21:00,9852,5084,843,100
27/10/18 22:00,9845,5073,843,100
27/10/18 23:00,9810,5041,842,100
28/10/18 00:00,9771,5093,839,100
28/10/18 01:00,9789,5132,844,100
28/10/18 02:00,9773,5153,849,100
28/10/18 03:00,9759,5188,853,100
28/10/18 04:00,9764,5149,854,100
28/10/18 05:00,9739,5102,853,100
28/10/18 06:00,9737,5109,850,100
28/10/18 07:00,9696,5108,851,100
28/10/18 08:00,9520,5014,839,100
28/10/18 09:00,9107,4813,822,100
28/10/18 10:00,8930,4728,818,100
28/10/18 11:00,8880,4709,820,100
28/10/18 12:00,8886,4761,821,100
28/10/18 13:00,9036,4858,827,100
28/10/18 14:00,8973,4896,827,100
28/10/18 15:00,8662,4718,826,100
28/10/18 16:00,8191,4470,819,100
28/10/18 17:00,7946,4363,839,100
28/10/18 18:00,7875,4197,845,100
28/10/18 19:00,7882,4100,836,100
28/10/18 20:00,8156,4145,825,100
28/10/18 21:00,8376,4142,810,100
28/10/18 22:00,8437,4149,800,100
28/10/18 23:00,8671,4286,813,100
29/10/18 00:00,8871,4347,830,100
29/10/18 01:00,8989,4375,828,100
29/10/18 02:00,9059,4391,838,100
29/10/18 03:00,9110,4466,844,100
29/10/18 04:00,9119,4465,846,100
29/10/18 05:00,8824,4387,849,100
29/10/18 06:00,8088,4322,855,100
29/10/18 07:00,7767,4145,847,100
29/10/18 08:00,7278,4059,855,100
29/10/18 09:00,6835,4028,866,100
29/10/18 10:00,7118,3994,866,100
29/10/18 11:00,6996,3976,837,100
31/10/18 20:00,7840,4025,856,100
31/10/18 21:00,7890,3986,860,100
31/10/18 22:00,7963,4016,869,100
31/10/18 23:00,8154,4147,870,100
1/11/2018 0:00,8391,4324,870,100
1/11/2018 1:00,8122,4339,867,100
1/11/2018 2:00,8005,4321,879,100
1/11/2018 3:00,7959,4234,875,100
1/11/2018 4:00,7841,4148,874,100
1/11/2018 5:00,7886,4176,878,100
1/11/2018 6:00,7813,4133,885,100
1/11/2018 7:00,7540,4061,880,100
1/11/2018 8:00,7225,4001,884,100
1/11/2018 9:00,7548,3990,898,100
1/11/2018 10:00,7794,4049,895,100
1/11/2018 11:00,8039,4139,897,100
1/11/2018 12:00,8047,4155,891,100
1/11/2018 14:00,6997,4077,846,100
1/11/2018 15:00,6897,3988,850,100
1/11/2018 16:00,7106,3932,849,100
1/11/2018 17:00,7699,3936,848,100
1/11/2018 18:00,8082,3962,845,100
1/11/2018 19:00,8175,3999,851,100
1/11/2018 20:00,8288,4078,850,100
1/11/2018 21:00,8403,4119,842,100
1/11/2018 22:00,8455,4136,851,100
1/11/2018 23:00,8491,4139,844,100
2/11/2018 0:00,8524,4141,835,100
2/11/2018 1:00,8551,4155,837,100
2/11/2018 2:00,8574,4169,852,100
2/11/2018 3:00,8594,4190,858,100
2/11/2018 4:00,8569,4196,859,100
2/11/2018 5:00,8548,4137,858,100
2/11/2018 6:00,8565,4080,857,100
2/11/2018 7:00,8639,4043,856,100
2/11/2018 8:00,8839,4013,853,100
2/11/2018 9:00,9098,4065,852,100
2/11/2018 10:00,9331,4120,851,100
2/11/2018 11:00,9486,4091,848,100
2/11/2018 12:00,9159,4084,848,100
2/11/2018 13:00,8701,4068,855,100
2/11/2018 14:00,8059,4021,857,100
6/11/2018 4:00,7574,3988,867,100
6/11/2018 5:00,7936,4079,867,100
6/11/2018 6:00,8120,4045,865,100
6/11/2018 7:00,8136,4032,866,100
6/11/2018 8:00,8060,4001,863,100
6/11/2018 9:00,7991,3963,863,100
6/11/2018 10:00,7962,3993,862,100
6/11/2018 11:00,7991,4076,862,100
6/11/2018 12:00,7905,4090,864,100
6/11/2018 13:00,7447,4106,863,100
6/11/2018 14:00,7243,4091,870,100
6/11/2018 15:00,7232,4041,869,100
6/11/2018 17:00,7317,4094,872,100
6/11/2018 18:00,7783,4075,865,100
6/11/2018 19:00,7972,3927,861,100
6/11/2018 20:00,8606,3791,858,100
6/11/2018 21:00,8689,3603,861,100
6/11/2018 22:00,8542,3489,864,100
7/11/2018 8:00,7880,3529,849,100
7/11/2018 9:00,8138,3569,846,100
7/11/2018 10:00,8327,3624,842,100
7/11/2018 11:00,8439,3658,843,100
7/11/2018 12:00,8480,3651,846,100
7/11/2018 13:00,8469,3620,847,100
7/11/2018 14:00,8444,3622,846,100
7/11/2018 15:00,8484,3614,844,100
7/11/2018 16:00,8525,3603,844,100
7/11/2018 17:00,8484,3421,845,100
7/11/2018 18:00,8138,3345,851,100
7/11/2018 19:00,7640,3318,858,100
8/11/2018 3:00,6766,3490,859,100
8/11/2018 4:00,6994,3423,848,100
10/11/2018 17:00,8003,4609,818,100
10/11/2018 18:00,8025,5384,825,100
10/11/2018 19:00,8018,5826,814,100
10/11/2018 20:00,8008,6225,828,100
10/11/2018 21:00,8043,6415,844,100
10/11/2018 22:00,8076,6450,854,100
10/11/2018 23:00,8084,6438,850,100
11/11/2018 0:00,8084,6418,851,100
11/11/2018 1:00,8062,6406,848,100
11/11/2018 2:00,8036,6392,846,100
11/11/2018 3:00,8018,6385,851,100
11/11/2018 4:00,8007,6384,856,100
11/11/2018 5:00,8030,6408,850,100
11/11/2018 6:00,8045,6422,853,100
11/11/2018 7:00,8061,6431,860,100
11/11/2018 8:00,8083,6449,859,100
11/11/2018 9:00,8066,6442,856,100
11/11/2018 10:00,8042,6436,856,100
11/11/2018 11:00,8014,6439,860,100
11/11/2018 12:00,8012,6415,855,100
11/11/2018 13:00,8038,6407,851,100
11/11/2018 14:00,8058,6389,850,100
11/11/2018 15:00,8081,6364,845,100
11/11/2018 16:00,8086,6358,839,100
11/11/2018 17:00,8066,6338,848,100
11/11/2018 18:00,8064,6362,854,100
11/11/2018 19:00,8094,6421,848,100
11/11/2018 20:00,8092,6465,845,100
11/11/2018 21:00,8083,6508,851,100
11/11/2018 22:00,8064,6516,856,100
11/11/2018 23:00,8031,6499,857,100
12/11/2018 0:00,8027,6499,857,100
12/11/2018 1:00,8028,6496,856,100
12/11/2018 2:00,8059,6517,855,100
12/11/2018 3:00,8079,6529,854,100
12/11/2018 4:00,8075,6525,854,100
12/11/2018 5:00,8085,6532,853,100
12/11/2018 6:00,8074,6521,852,100
12/11/2018 7:00,8043,6497,852,100
12/11/2018 8:00,8030,6489,851,100
12/11/2018 9:00,8010,6478,848,100
12/11/2018 10:00,7981,6466,850,100
12/11/2018 11:00,7970,6472,851,100
12/11/2018 12:00,7946,6471,847,100
12/11/2018 13:00,7952,6451,842,100
12/11/2018 14:00,7954,6425,841,100
12/11/2018 15:00,7952,6392,838,100
12/11/2018 16:00,7972,6367,837,100
12/11/2018 17:00,7974,6368,848,100
12/11/2018 18:00,8031,6401,853,100
12/11/2018 19:00,8082,6420,854,100
12/11/2018 20:00,8093,6417,857,100
12/11/2018 21:00,8115,6423,861,100
12/11/2018 22:00,8094,6431,861,100
12/11/2018 23:00,8134,6514,861,100
13/11/18 00:00,8242,6637,858,100
13/11/18 01:00,8322,6726,853,100
13/11/18 02:00,8415,6795,853,100
13/11/18 03:00,8450,6795,852,100
13/11/18 04:00,8449,6777,851,100
13/11/18 05:00,8448,6772,851,100
13/11/18 06:00,8437,6764,855,100
13/11/18 07:00,8435,6768,858,100
13/11/18 08:00,8440,6777,857,100
13/11/18 09:00,8460,6811,849,100
13/11/18 10:00,8529,6906,843,100
13/11/18 11:00,8630,7035,840,100
13/11/18 12:00,8729,7168,835,100
13/11/18 13:00,8809,7278,824,100
13/11/18 14:00,8864,7323,827,100
13/11/18 15:00,8913,7288,832,100
13/11/18 16:00,8964,7239,825,100
13/11/18 17:00,8981,7170,827,100
13/11/18 18:00,9000,7124,854,100
13/11/18 19:00,8980,7112,858,100
13/11/18 20:00,8984,7117,859,100
13/11/18 21:00,9018,7140,859,100
13/11/18 22:00,9033,7152,858,100
13/11/18 23:00,9081,7176,855,100
14/11/18 00:00,9082,7150,713,100
14/11/18 01:00,9078,7174,683,100
14/11/18 02:00,9098,7230,822,100
14/11/18 03:00,9070,7230,847,100
14/11/18 04:00,9005,7243,861,100
14/11/18 05:00,8995,7230,866,100
14/11/18 06:00,8959,7175,864,100
14/11/18 07:00,8943,7181,866,100
14/11/18 08:00,8996,7211,867,100
14/11/18 09:00,8990,7215,867,100
14/11/18 10:00,8959,7208,868,100
14/11/18 11:00,8926,7187,879,100
14/11/18 12:00,8867,7160,882,100
14/11/18 13:00,8837,7153,886,100
14/11/18 14:00,8883,7190,874,100
14/11/18 15:00,8909,7203,862,100
14/11/18 16:00,8919,7200,862,100
14/11/18 17:00,8958,7216,859,100
14/11/18 18:00,8966,7215,860,100
14/11/18 19:00,8999,7245,869,100
14/11/18 20:00,9080,7293,870,100
14/11/18 21:00,9114,7298,867,100
14/11/18 22:00,9139,7299,861,100
14/11/18 23:00,8837,6985,857,100
15/11/18 01:00,7084,5559,876,100
15/11/18 02:00,6487,5164,878,100
15/11/18 03:00,6561,5279,870,100
15/11/18 04:00,7332,6015,853,100
15/11/18 05:00,8156,6685,862,100
15/11/18 06:00,8734,7070,863,100
15/11/18 07:00,8958,7238,862,100
15/11/18 08:00,8991,7216,863,100
15/11/18 09:00,8992,7162,863,100
15/11/18 10:00,8927,7111,861,100
15/11/18 11:00,8875,7081,864,100
15/11/18 12:00,8853,7074,865,100
15/11/18 13:00,8873,7088,865,100
15/11/18 14:00,8895,7102,865,100
15/11/18 15:00,8906,7108,858,100
15/11/18 16:00,8945,7139,858,100
15/11/18 17:00,8972,7163,858,100
15/11/18 18:00,9025,7210,856,100
15/11/18 19:00,9096,7265,843,100
15/11/18 20:00,9128,7277,833,100
15/11/18 21:00,9102,7255,844,100
15/11/18 22:00,9038,7207,848,100
15/11/18 23:00,8985,7172,849,100
16/11/18 00:00,8945,7147,849,100
16/11/18 01:00,8936,7136,848,100
16/11/18 02:00,8970,7147,847,100
16/11/18 03:00,9002,7154,857,100
16/11/18 04:00,9032,7169,861,100
16/11/18 05:00,9059,7194,861,100
16/11/18 06:00,9084,7223,861,100
16/11/18 07:00,9081,7230,857,100
16/11/18 08:00,9079,7234,852,100
16/11/18 09:00,9102,7249,848,100
16/11/18 16:00,7632,4971,844,100
16/11/18 17:00,8195,6680,817,100
16/11/18 18:00,8555,6935,837,100
16/11/18 19:00,8742,6967,844,100
16/11/18 20:00,8938,7067,853,100
16/11/18 21:00,9131,7178,854,100
16/11/18 22:00,9143,7210,852,100
16/11/18 23:00,9185,7265,851,100
17/11/18 01:00,7764,5479,855,100
17/11/18 02:00,7565,5335,864,100
17/11/18 03:00,7471,5285,862,100
17/11/18 04:00,8230,6319,856,100
17/11/18 05:00,9079,7266,852,100
17/11/18 06:00,9406,7517,851,100
17/11/18 07:00,9576,7646,848,100
17/11/18 08:00,9566,7634,847,100
17/11/18 09:00,9537,7597,845,100
17/11/18 10:00,9497,7575,846,100
17/11/18 11:00,9482,7591,846,100
17/11/18 12:00,9327,7469,847,100
17/11/18 13:00,9211,7409,850,100
17/11/18 14:00,9230,7397,848,100
17/11/18 15:00,9242,7348,842,100
17/11/18 16:00,9420,7435,846,100
17/11/18 17:00,9459,7418,842,100
17/11/18 18:00,9282,7296,847,100
17/11/18 19:00,9279,7325,841,100
17/11/18 20:00,9295,7390,844,100
17/11/18 21:00,9373,7483,847,100
17/11/18 22:00,9567,7628,852,100
17/11/18 23:00,9584,7633,855,100
18/11/18 00:00,9590,7621,849,100
18/11/18 01:00,9376,7431,848,100
18/11/18 02:00,9114,7211,853,100
18/11/18 03:00,8698,6852,854,100
21/11/18 18:00,7044,4526,860,100
21/11/18 19:00,7046,4865,870,100
21/11/18 20:00,7262,5109,876,100
21/11/18 21:00,7361,5171,877,100
21/11/18 22:00,7497,5231,877,100
21/11/18 23:00,7525,5204,875,100
22/11/18 00:00,7514,5231,877,100
22/11/18 01:00,7562,5278,878,100
22/11/18 02:00,7549,5336,876,100
22/11/18 03:00,7677,5450,875,100
22/11/18 04:00,7846,5643,872,100
22/11/18 05:00,8010,5930,868,100
22/11/18 06:00,8091,6103,864,100
22/11/18 07:00,7920,6184,867,100
22/11/18 08:00,7954,6352,867,100
22/11/18 09:00,8032,6482,864,100
22/11/18 10:00,8256,6769,858,100
22/11/18 11:00,8670,7103,858,100
22/11/18 12:00,8913,7251,843,100
22/11/18 13:00,9081,7314,836,100
22/11/18 14:00,9194,7326,842,100
22/11/18 15:00,9223,7296,842,100
22/11/18 16:00,9163,7242,846,100
22/11/18 17:00,9098,7189,851,100
22/11/18 18:00,9036,7140,850,100
22/11/18 19:00,9005,7085,841,100
22/11/18 20:00,9003,7061,840,100
22/11/18 21:00,9001,7058,857,100
22/11/18 22:00,9004,7053,860,100
22/11/18 23:00,8993,7049,860,100
23/11/18 00:00,8866,6968,868,100
23/11/18 01:00,8742,6888,865,100
23/11/18 02:00,8646,6813,860,100
23/11/18 03:00,8657,6830,860,100
23/11/18 04:00,8810,6948,859,100
23/11/18 05:00,8996,7089,866,100
23/11/18 06:00,9153,7208,872,100
23/11/18 07:00,9212,7258,870,100
23/11/18 08:00,9251,7297,868,100
23/11/18 09:00,9273,7213,868,100
23/11/18 10:00,9334,7147,862,100
23/11/18 11:00,9398,7118,848,100
23/11/18 12:00,9457,7090,843,100
23/11/18 13:00,9550,7138,833,100
23/11/18 14:00,9659,7258,824,100
23/11/18 15:00,9784,7345,824,100
23/11/18 16:00,9909,7452,822,100
23/11/18 17:00,9985,7541,820,100
23/11/18 18:00,10002,7546,830,100
23/11/18 19:00,10004,7545,833,100
23/11/18 20:00,10006,7493,835,100
23/11/18 21:00,10001,7476,834,100
23/11/18 22:00,10004,7474,825,100
23/11/18 23:00,10003,7473,823,100
24/11/18 00:00,10001,7496,827,100
24/11/18 01:00,10003,7533,825,100
24/11/18 02:00,10002,7534,830,100
24/11/18 03:00,10000,7525,835,100
24/11/18 04:00,10002,7509,841,100
24/11/18 05:00,10003,7482,837,100
24/11/18 06:00,10002,7482,831,100
24/11/18 07:00,10001,7494,831,100
24/11/18 08:00,10003,7520,829,100
24/11/18 09:00,10001,7521,824,100
24/11/18 10:00,10001,7524,821,100
24/11/18 11:00,10002,7501,813,100
24/11/18 12:00,10000,7477,809,100
24/11/18 13:00,10001,7483,810,100
24/11/18 14:00,9999,7442,806,100
24/11/18 15:00,10000,7451,793,100
24/11/18 16:00,10000,7478,795,100
24/11/18 17:00,10000,7494,797,100
24/11/18 18:00,10001,7562,798,100
24/11/18 19:00,10002,7552,834,100
24/11/18 20:00,10002,7534,835,100
24/11/18 21:00,10000,7520,841,100
24/11/18 22:00,10000,7505,846,100
24/11/18 23:00,9997,7548,848,100
25/11/18 00:00,9999,7575,847,100
25/11/18 01:00,9975,7547,847,100
25/11/18 02:00,9820,7431,850,100
25/11/18 03:00,9820,7413,846,100
25/11/18 04:00,9819,7401,842,100
25/11/18 05:00,9845,7425,840,100
25/11/18 06:00,10000,7546,841,100
25/11/18 07:00,10001,7553,841,100
25/11/18 08:00,10001,7549,845,100
25/11/18 09:00,10001,7554,845,100
25/11/18 10:00,10001,7543,843,100
25/11/18 11:00,10000,7544,839,100
25/11/18 12:00,9995,7570,838,100
25/11/18 13:00,10003,7521,848,100
25/11/18 14:00,10002,7470,853,100
25/11/18 15:00,10002,7432,846,100
25/11/18 16:00,10008,7432,841,100
25/11/18 17:00,10001,7511,847,100
25/11/18 18:00,9999,7565,852,100
25/11/18 19:00,10001,7587,808,100
25/11/18 20:00,10001,7527,813,100
25/11/18 21:00,10001,7468,853,100
25/11/18 22:00,10004,7446,857,100
25/11/18 23:00,10005,7422,849,100
26/11/18 00:00,10004,7405,824,100
26/11/18 01:00,10001,7437,800,100
26/11/18 02:00,10003,7410,833,100
26/11/18 03:00,10001,7386,837,100
26/11/18 04:00,10001,7382,837,100
26/11/18 05:00,10004,7327,834,100
26/11/18 06:00,10001,7315,816,100
26/11/18 07:00,9999,7383,836,100
26/11/18 08:00,10001,7409,838,100
26/11/18 09:00,9998,7436,838,100
26/11/18 10:00,10002,7466,838,100
26/11/18 11:00,10004,7447,836,100
26/11/18 12:00,10001,7468,838,100
26/11/18 13:00,10005,7447,836,100
26/11/18 14:00,9578,7006,839,100
29/11/18 19:00,6967,4420,831,100
29/11/18 20:00,7245,4957,847,100
29/11/18 21:00,7378,5216,864,100
29/11/18 22:00,7599,5371,868,100
29/11/18 23:00,7724,5506,868,100
30/11/18 00:00,7850,5638,868,100
30/11/18 01:00,8011,5855,872,100
30/11/18 02:00,8164,6054,865,100
30/11/18 03:00,8290,6182,860,100
30/11/18 04:00,8414,6289,860,100
30/11/18 05:00,8501,6356,865,100
30/11/18 06:00,8502,6355,860,100
30/11/18 07:00,8499,6327,860,100
30/11/18 08:00,8501,6346,866,100
30/11/18 09:00,8501,6349,867,100
30/11/18 10:00,8500,6367,865,100
30/11/18 11:00,8503,6382,840,100
30/11/18 12:00,8499,6446,811,100
30/11/18 13:00,8500,6514,828,100
30/11/18 14:00,8500,6577,842,100
30/11/18 15:00,8502,6640,840,100
30/11/18 16:00,8503,6629,840,100
30/11/18 17:00,8501,6642,845,100
30/11/18 18:00,8502,6652,842,100
30/11/18 19:00,8501,6634,839,100
30/11/18 20:00,8314,6410,846,100
30/11/18 23:00,6770,3326,881,100
1/12/2018 0:00,6720,3221,879,100
1/12/2018 1:00,7332,4621,879,100
1/12/2018 2:00,7779,5431,877,100
1/12/2018 3:00,8026,5583,873,100
1/12/2018 4:00,8261,5747,868,100
1/12/2018 5:00,8274,5705,874,100
1/12/2018 6:00,8258,5665,875,100
1/12/2018 7:00,8133,5589,872,100
1/12/2018 8:00,8012,5499,870,100
1/12/2018 9:00,8060,5571,867,100
1/12/2018 10:00,8119,5657,858,100
1/12/2018 11:00,8185,5727,854,100
1/12/2018 12:00,8246,5758,850,100
1/12/2018 13:00,8249,5756,839,100
1/12/2018 14:00,8250,5785,836,100
1/12/2018 15:00,8250,5788,829,100
1/12/2018 16:00,8251,5802,825,100
1/12/2018 17:00,8250,5823,835,100
1/12/2018 18:00,8249,5824,837,100
1/12/2018 19:00,8252,5819,816,100
1/12/2018 20:00,8250,5843,835,100
1/12/2018 21:00,8250,5849,840,100
1/12/2018 22:00,8254,5819,845,100
1/12/2018 23:00,7938,5321,847,100
2/12/2018 0:00,7821,5217,859,100
2/12/2018 1:00,7819,5239,846,100
2/12/2018 2:00,7823,5223,834,100
2/12/2018 3:00,8138,5691,835,100
2/12/2018 4:00,8253,5771,835,100
2/12/2018 5:00,8254,5751,839,100
2/12/2018 6:00,8251,5748,838,100
2/12/2018 7:00,8257,5739,820,100
2/12/2018 8:00,8255,5739,829,100
2/12/2018 9:00,8253,5747,846,100
2/12/2018 10:00,8255,5762,855,100
2/12/2018 11:00,8247,5785,859,100
2/12/2018 12:00,8253,5778,857,100
2/12/2018 13:00,8256,5760,854,100
2/12/2018 14:00,8250,5786,850,100
2/12/2018 15:00,8254,5770,858,100
2/12/2018 16:00,8251,5756,860,100
2/12/2018 17:00,8249,5772,855,100
2/12/2018 18:00,8251,5759,853,100
2/12/2018 19:00,8249,5774,857,100
2/12/2018 20:00,8250,5780,851,100
2/12/2018 21:00,8253,5740,827,100
2/12/2018 22:00,8251,5731,820,100
2/12/2018 23:00,8251,5702,819,100
3/12/2018 0:00,8250,5668,836,100
3/12/2018 1:00,8251,5651,844,100
3/12/2018 2:00,8253,5666,851,100
3/12/2018 3:00,8252,5692,851,100
3/12/2018 4:00,8253,5732,856,100
3/12/2018 5:00,8252,5774,857,100
3/12/2018 6:00,8252,5754,858,100
3/12/2018 7:00,8251,5715,852,100
3/12/2018 8:00,8233,5716,851,100
3/12/2018 9:00,8178,5839,862,100
3/12/2018 10:00,8114,6006,861,100
3/12/2018 11:00,8051,6224,860,100
3/12/2018 12:00,8006,6363,865,100
3/12/2018 13:00,8003,6384,861,100
3/12/2018 14:00,7966,6083,858,100
4/12/2018 8:00,7092,4600,880,100
4/12/2018 9:00,7269,4898,880,100
4/12/2018 10:00,7396,5158,882,100
4/12/2018 11:00,7576,5519,876,100
4/12/2018 12:00,7698,5852,877,100
4/12/2018 13:00,7821,6158,878,100
4/12/2018 14:00,7943,6348,878,100
4/12/2018 15:00,7997,6396,872,100
4/12/2018 16:00,7998,6395,871,100
4/12/2018 17:00,7997,6390,875,100
4/12/2018 18:00,7999,6396,876,100
4/12/2018 19:00,8000,6396,861,100
4/12/2018 20:00,8000,6398,839,100
4/12/2018 21:00,8001,6402,849,100
4/12/2018 22:00,8077,6332,852,100
4/12/2018 23:00,8204,6220,853,100
5/12/2018 0:00,8326,6113,855,100
5/12/2018 1:00,8461,5992,851,100
5/12/2018 2:00,8512,5948,855,100
5/12/2018 3:00,8513,5951,864,100
5/12/2018 4:00,8474,5923,868,100
5/12/2018 5:00,8358,5842,861,100
5/12/2018 6:00,8356,5840,859,100
5/12/2018 7:00,8354,5839,868,100
5/12/2018 8:00,8396,5864,870,100
5/12/2018 9:00,8501,5950,854,100
5/12/2018 10:00,8503,5952,826,100
11/12/2018 9:00,6861,4309,847,100
11/12/2018 10:00,7215,4855,875,100
11/12/2018 11:00,7358,5144,880,100
11/12/2018 12:00,7485,5251,874,100
11/12/2018 13:00,7498,5257,889,100
11/12/2018 14:00,7556,5336,890,100
11/12/2018 15:00,7679,5555,882,100
11/12/2018 16:00,7806,5838,868,100
11/12/2018 17:00,7968,6164,864,100
11/12/2018 18:00,8163,6468,833,100
11/12/2018 19:00,8290,6635,822,100
11/12/2018 20:00,8414,6732,830,100
11/12/2018 21:00,8503,6796,844,100
11/12/2018 22:00,8502,6799,848,100
11/12/2018 23:00,8523,6821,859,100
12/12/2018 0:00,8649,6921,855,100
12/12/2018 1:00,8773,7021,854,100
12/12/2018 2:00,8896,7119,855,100
12/12/2018 3:00,8622,6522,838,100
12/12/2018 18:00,7590,5523,824,100
12/12/2018 19:00,7846,5970,820,100
12/12/2018 20:00,7997,6274,858,100
12/12/2018 21:00,7999,6402,854,100
12/12/2018 22:00,8001,6407,858,100
12/12/2018 23:00,8064,6459,856,100
13/12/18 00:00,8186,6556,852,100
13/12/18 01:00,8309,6656,854,100
13/12/18 02:00,8438,6752,858,100
13/12/18 03:00,8501,6797,861,100
13/12/18 04:00,8504,6795,865,100
13/12/18 05:00,8504,6796,870,100
13/12/18 06:00,8502,6795,879,100
13/12/18 07:00,8502,6799,873,100
13/12/18 08:00,8502,6801,878,100
13/12/18 09:00,8501,6801,874,100
13/12/18 10:00,8499,6808,872,100
13/12/18 11:00,8498,6810,870,100
13/12/18 12:00,8496,6812,869,100
13/12/18 13:00,8499,6810,877,100
13/12/18 14:00,8500,6804,886,100
13/12/18 15:00,8500,6802,888,100
13/12/18 16:00,8500,6802,880,100
13/12/18 17:00,8500,6804,871,100
13/12/18 18:00,8499,6801,881,100
13/12/18 19:00,8501,6796,879,100
13/12/18 20:00,8503,6792,879,100
13/12/18 21:00,8501,6792,865,100
13/12/18 22:00,8502,6795,871,100
13/12/18 23:00,8502,6797,871,100
14/12/18 00:00,8504,6796,874,100
14/12/18 01:00,8579,6744,884,100
14/12/18 02:00,8655,6692,884,100
14/12/18 03:00,8730,6642,877,100
14/12/18 04:00,8400,6190,875,100
14/12/18 05:00,8394,6195,880,100
14/12/18 06:00,8394,6195,868,100
14/12/18 07:00,8392,6198,857,100
14/12/18 08:00,8794,6603,867,100
14/12/18 09:00,8799,6597,872,100
14/12/18 10:00,8799,6599,862,100
14/12/18 11:00,8799,6602,860,100
14/12/18 12:00,8799,6602,851,100
14/12/18 13:00,8796,6606,849,100
14/12/18 14:00,8798,6605,844,100
14/12/18 15:00,8798,6602,845,100
14/12/18 16:00,8799,6604,847,100
14/12/18 17:00,8804,6601,837,100
14/12/18 18:00,8804,6597,837,100
14/12/18 19:00,8805,6593,839,100
14/12/18 20:00,8805,6593,860,100
14/12/18 21:00,8804,6596,868,100
14/12/18 22:00,8803,6601,876,100
14/12/18 23:00,8802,6603,876,100
15/12/18 00:00,8801,6602,874,100
15/12/18 01:00,8799,6602,876,100
15/12/18 02:00,8801,6598,877,100
15/12/18 03:00,8521,6332,863,100
15/12/18 04:00,7857,5703,878,100
15/12/18 05:00,7668,5450,886,100
15/12/18 06:00,7591,5397,881,100
15/12/18 07:00,7811,5619,876,100
15/12/18 08:00,8518,6281,865,100
15/12/18 09:00,8760,6570,870,100
15/12/18 10:00,8884,6659,863,100
15/12/18 11:00,8994,6741,862,100
15/12/18 12:00,8999,6747,864,100
15/12/18 13:00,8998,6746,857,100
15/12/18 14:00,8997,6752,849,100
15/12/18 15:00,8997,6753,847,100
15/12/18 16:00,9002,6752,834,100
15/12/18 17:00,8999,6754,831,100
15/12/18 18:00,9002,6756,834,100
15/12/18 19:00,9003,6756,836,100
15/12/18 20:00,9001,6754,832,100
15/12/18 21:00,9004,6754,849,100
15/12/18 22:00,9003,6750,858,100
15/12/18 23:00,9001,6753,861,100
16/12/18 00:00,9002,6754,863,100
16/12/18 01:00,9001,6756,860,100
16/12/18 02:00,9001,6757,849,100
16/12/18 03:00,9001,6755,846,100
16/12/18 04:00,9000,6756,869,100
16/12/18 05:00,9000,6754,868,100
16/12/18 06:00,9001,6752,863,100
16/12/18 07:00,9002,6751,864,100
16/12/18 08:00,9000,6747,874,100
16/12/18 09:00,9002,6745,856,100
16/12/18 10:00,8998,6746,847,100
16/12/18 11:00,8997,6744,869,100
16/12/18 12:00,8999,6745,875,100
16/12/18 13:00,8998,6749,860,100
16/12/18 14:00,9001,6749,853,100
16/12/18 15:00,8999,6749,861,100
16/12/18 16:00,9000,6748,826,100
16/12/18 17:00,8999,6750,839,100
16/12/18 18:00,8999,6754,877,100
16/12/18 19:00,9001,6755,880,100
16/12/18 20:00,9000,6753,876,100
16/12/18 21:00,9002,6754,877,100
16/12/18 22:00,9002,6753,875,100
16/12/18 23:00,9000,6759,877,100
17/12/18 00:00,9001,6763,876,100
17/12/18 01:00,9000,6760,876,100
17/12/18 02:00,9000,6757,878,100
17/12/18 03:00,9003,6756,876,100
17/12/18 04:00,9000,6753,874,100
17/12/18 05:00,9000,6754,872,100
17/12/18 06:00,8999,6756,873,100
17/12/18 07:00,9000,6752,877,100
17/12/18 08:00,9002,6752,878,100
17/12/18 09:00,9002,6750,871,100
17/12/18 10:00,9001,6748,876,100
17/12/18 11:00,8999,6750,885,100
17/12/18 12:00,8999,6752,881,100
17/12/18 13:00,9037,6781,874,100
17/12/18 14:00,9095,6824,873,100
17/12/18 15:00,9169,6880,875,100
17/12/18 16:00,9276,6959,850,100
17/12/18 17:00,9362,7025,856,100
17/12/18 18:00,9432,7073,867,100
17/12/18 19:00,9481,7113,872,100
17/12/18 20:00,9499,7129,872,100
17/12/18 21:00,9501,7130,869,100
17/12/18 22:00,9500,7127,874,100
17/12/18 23:00,9500,7127,869,100
18/12/18 00:00,9499,7125,867,100
18/12/18 01:00,9500,7125,867,100
18/12/18 02:00,9500,7133,866,100
18/12/18 03:00,9502,7128,866,100
18/12/18 04:00,9503,7131,867,100
18/12/18 05:00,9502,7128,865,100
18/12/18 06:00,9503,7123,863,100
18/12/18 07:00,9502,7127,862,100
18/12/18 08:00,9499,7124,862,100
18/12/18 09:00,9500,7123,865,100
18/12/18 10:00,9497,7124,865,100
18/12/18 11:00,9497,7122,864,100
18/12/18 12:00,9496,7121,868,100
18/12/18 13:00,9496,7120,865,100
18/12/18 14:00,9497,7120,869,100
18/12/18 15:00,9496,7119,879,100
18/12/18 16:00,9498,7121,881,100
18/12/18 17:00,9497,7125,873,100
18/12/18 18:00,9497,7125,870,100
18/12/18 19:00,9498,7125,869,100
18/12/18 20:00,9498,7124,869,100
18/12/18 21:00,9498,7123,868,100
18/12/18 22:00,9500,7121,868,100
18/12/18 23:00,9402,7049,870,100
19/12/18 00:00,9402,7047,871,100
19/12/18 03:00,7306,3590,864,100
19/12/18 04:00,7240,3548,894,100
19/12/18 05:00,7393,4251,886,100
22/12/18 23:00,6934,4599,869,100
23/12/18 00:00,7190,4912,853,100
23/12/18 01:00,7394,5180,855,100
23/12/18 02:00,7646,5360,862,100
23/12/18 03:00,7808,5473,880,100
23/12/18 04:00,7931,5561,885,100
23/12/18 05:00,8003,5603,884,100
23/12/18 06:00,7996,5601,888,100
23/12/18 07:00,7996,5635,883,100
23/12/18 08:00,7993,5765,838,100
23/12/18 09:00,7993,5968,810,100
23/12/18 10:00,8008,6179,847,100
23/12/18 11:00,8134,6443,883,100
23/12/18 12:00,8261,6613,850,100
23/12/18 13:00,8383,6717,877,100
23/12/18 14:00,8497,6806,895,100
23/12/18 15:00,8498,6806,899,100
23/12/18 16:00,8498,6805,900,100
23/12/18 17:00,8511,6786,890,100
23/12/18 18:00,8517,6777,886,100
23/12/18 19:00,8517,6771,893,100
23/12/18 20:00,8518,6768,870,100
23/12/18 21:00,8508,6786,862,100
23/12/18 22:00,8500,6794,859,100
23/12/18 23:00,8501,6799,837,100
24/12/18 00:00,8461,6762,826,100
24/12/18 02:00,6854,4420,809,100
24/12/18 03:00,6685,4196,833,100
24/12/18 04:00,6774,4167,856,100
24/12/18 05:00,8096,5837,883,100
24/12/18 06:00,8538,6411,891,100
24/12/18 07:00,8622,6429,896,100
24/12/18 08:00,8106,5872,881,100
24/12/18 09:00,7462,5205,871,100
24/12/18 10:00,7001,4683,893,100
26/12/18 06:00,6660,4100,903,100
26/12/18 07:00,6912,4123,903,100
26/12/18 08:00,7006,4126,853,100
26/12/18 09:00,7007,4085,850,100
26/12/18 10:00,7009,4019,847,100
26/12/18 11:00,7022,4018,861,100
26/12/18 12:00,7032,4050,861,100
26/12/18 13:00,6929,4372,864,100
26/12/18 14:00,6926,4768,883,100
26/12/18 15:00,6940,5186,887,100
26/12/18 16:00,7008,5607,891,100
26/12/18 17:00,7116,5600,895,100
26/12/18 18:00,7117,5275,898,100
28/12/18 13:00,8003,3991,879,100
28/12/18 14:00,8004,3995,884,100
28/12/18 15:00,8013,3994,892,100
28/12/18 16:00,8013,3996,896,100
28/12/18 17:00,8054,4022,893,100
28/12/18 18:00,8106,4048,894,100
28/12/18 19:00,8099,4042,896,100
28/12/18 20:00,8086,4047,896,100
28/12/18 21:00,7679,4020,893,100
28/12/18 22:00,7539,4000,897,100
28/12/18 23:00,7540,4008,896,100
29/12/18 00:00,7545,4006,896,100
29/12/18 01:00,7494,4007,894,100
29/12/18 02:00,7281,3996,898,100
29/12/18 03:00,7072,3992,899,100
29/12/18 04:00,6955,3989,898,100
29/12/18 05:00,7246,4015,897,100
29/12/18 12:00,7384,4104,885,100
29/12/18 13:00,7641,4175,884,100
29/12/18 19:00,7066,4629,887,100
29/12/18 20:00,7149,4901,897,100
29/12/18 21:00,7226,5149,902,100
29/12/18 22:00,7287,5096,905,100
29/12/18 23:00,7306,5108,904,100
30/12/18 00:00,7303,5111,905,100
30/12/18 01:00,7302,5110,907,100
30/12/18 02:00,7300,5115,907,100
30/12/18 03:00,7301,5112,908,100
30/12/18 04:00,7299,5111,909,100
30/12/18 05:00,7300,5109,906,100
30/12/18 06:00,7409,5185,899,100
30/12/18 07:00,7583,5307,901,100
30/12/18 08:00,7761,5430,900,100
30/12/18 09:00,7933,5557,901,100
30/12/18 10:00,7998,5600,901,100
30/12/18 11:00,7998,5601,905,100
30/12/18 12:00,7997,5601,905,100
30/12/18 13:00,7998,5601,902,100
30/12/18 14:00,7999,5603,902,100
30/12/18 15:00,7998,5605,904,100
30/12/18 16:00,7999,5611,903,100
30/12/18 17:00,8001,5611,901,100
30/12/18 18:00,7999,5614,901,100
30/12/18 19:00,8001,5612,902,100
30/12/18 20:00,8002,5605,904,100
30/12/18 21:00,8002,5602,906,100
30/12/18 22:00,8001,5601,908,100
30/12/18 23:00,8001,5604,908,100
31/12/18 00:00,7924,5544,906,100
31/12/18 01:00,7514,5242,905,100
31/12/18 02:00,7305,5101,907,100
31/12/18 06:00,6236,3867,895,100
31/12/18 07:00,6599,3979,900,100
31/12/18 08:00,6942,4217,903,100
31/12/18 09:00,7046,4493,904,100
31/12/18 10:00,7034,4274,903,100
31/12/18 11:00,7136,4119,904,100
1/1/2019 23:00,6854,4330,883,100
2/1/2019 0:00,7090,4743,888,100
2/1/2019 1:00,7226,5042,890,100
2/1/2019 2:00,7359,5149,891,100
2/1/2019 3:00,7483,5239,893,100
2/1/2019 4:00,7565,5294,887,100
2/1/2019 5:00,7691,5380,879,100
2/1/2019 6:00,7815,5465,875,100
2/1/2019 7:00,7940,5554,873,100
2/1/2019 8:00,8000,5600,867,100
2/1/2019 9:00,7999,5605,860,100
2/1/2019 10:00,7999,5608,852,100
2/1/2019 11:00,7997,5613,845,100
2/1/2019 12:00,7996,5609,849,100
2/1/2019 13:00,7996,5602,861,100
2/1/2019 14:00,8042,5640,867,100
2/1/2019 15:00,8170,5722,867,100
2/1/2019 16:00,8296,5813,868,100
2/1/2019 17:00,8424,5905,870,100
2/1/2019 18:00,8500,5952,871,100
2/1/2019 19:00,8501,5949,872,100
2/1/2019 20:00,8502,5945,868,100
2/1/2019 21:00,8500,5944,858,100
2/1/2019 22:00,8503,5946,864,100
2/1/2019 23:00,8503,5950,862,100
3/1/2019 0:00,8504,5954,862,100
3/1/2019 1:00,8504,5956,867,100
3/1/2019 2:00,8501,5959,861,100
3/1/2019 3:00,8498,5960,847,100
3/1/2019 4:00,8497,5962,865,100
3/1/2019 5:00,8498,5961,870,100
3/1/2019 6:00,8500,5952,873,100
3/1/2019 7:00,8500,5950,873,100
3/1/2019 8:00,8501,5949,880,100
3/1/2019 9:00,8532,5976,882,100
3/1/2019 10:00,8612,6039,864,100
3/1/2019 11:00,8738,6125,861,100
3/1/2019 12:00,8863,6214,879,100
3/1/2019 13:00,8954,6275,878,100
3/1/2019 14:00,9002,6305,880,100
3/1/2019 15:00,9003,6308,880,100
3/1/2019 16:00,9004,6306,883,100
3/1/2019 17:00,9002,6304,887,100
3/1/2019 18:00,8969,6284,890,100
3/1/2019 19:00,8811,6171,892,100
3/1/2019 20:00,8559,5994,893,100
3/1/2019 21:00,8147,5701,892,100
3/1/2019 22:00,7876,5508,865,100
3/1/2019 23:00,7863,5506,812,100
4/1/2019 0:00,7989,5589,848,100
4/1/2019 1:00,8281,5795,880,100
4/1/2019 2:00,8413,5883,888,100
4/1/2019 3:00,7900,5534,888,100
4/1/2019 4:00,7526,5272,894,100
4/1/2019 5:00,7251,5082,896,100
4/1/2019 6:00,7153,5021,896,100
4/1/2019 7:00,7109,4980,884,100
4/1/2019 13:00,7246,4967,893,100
4/1/2019 14:00,7503,5254,896,100
4/1/2019 15:00,7755,5423,897,100
4/1/2019 16:00,7905,5523,889,100
4/1/2019 17:00,8004,5588,889,100
4/1/2019 18:00,8122,5680,889,100
4/1/2019 19:00,8248,5768,891,100
4/1/2019 20:00,8338,5828,892,100
4/1/2019 21:00,8337,5835,894,100
4/1/2019 22:00,8219,5751,896,100
4/1/2019 23:00,8091,5668,895,100
5/1/2019 0:00,7999,5611,895,100
5/1/2019 1:00,8000,5608,897,100
5/1/2019 2:00,7999,5604,899,100
5/1/2019 3:00,8000,5601,899,100
5/1/2019 4:00,8001,5599,898,100
5/1/2019 5:00,8001,5600,898,100
5/1/2019 6:00,8088,5669,887,100
5/1/2019 7:00,8212,5762,880,100
5/1/2019 8:00,8338,5854,886,100
5/1/2019 9:00,8460,5944,902,100
5/1/2019 10:00,8498,5964,900,100
5/1/2019 11:00,8500,5964,903,100
5/1/2019 12:00,8559,6001,897,100
5/1/2019 13:00,8686,6080,902,100
5/1/2019 14:00,8810,6165,905,100
5/1/2019 15:00,8936,6246,905,100
5/1/2019 16:00,9003,6289,904,100
5/1/2019 17:00,9003,6291,889,100
5/1/2019 18:00,9003,6295,868,100
5/1/2019 19:00,9003,6299,883,100
5/1/2019 20:00,9002,6303,873,100
5/1/2019 21:00,9019,6314,880,100
5/1/2019 22:00,9113,6379,877,100
5/1/2019 23:00,9236,6464,873,100
6/1/2019 0:00,9360,6549,875,100
6/1/2019 1:00,9467,6627,872,100
6/1/2019 2:00,9498,6646,866,100
6/1/2019 3:00,9498,6645,867,100
6/1/2019 4:00,9497,6643,872,100
6/1/2019 5:00,9498,6646,871,100
6/1/2019 6:00,9498,6648,869,100
6/1/2019 7:00,9497,6648,865,100
6/1/2019 8:00,9495,6653,862,100
6/1/2019 9:00,9495,6649,860,100
6/1/2019 10:00,9495,6650,863,100
6/1/2019 11:00,9496,6653,863,100
6/1/2019 12:00,9499,6647,858,100
6/1/2019 13:00,9497,6651,850,100
6/1/2019 14:00,9497,6650,852,100
6/1/2019 15:00,9458,6612,852,100
6/1/2019 16:00,9207,6442,852,100
6/1/2019 17:00,8958,6264,854,100
6/1/2019 18:00,8622,6027,850,100
6/1/2019 19:00,8287,5799,857,100
6/1/2019 20:00,8163,5711,858,100
6/1/2019 23:00,5835,3547,848,100
7/1/2019 2:00,6958,4560,865,100
7/1/2019 3:00,7066,4835,865,100
7/1/2019 4:00,7191,5041,866,100
7/1/2019 5:00,7356,5160,866,100
7/1/2019 6:00,7536,5281,863,100
7/1/2019 7:00,7714,5405,859,100
7/1/2019 8:00,7850,5500,851,100
7/1/2019 9:00,8056,5642,851,100
7/1/2019 10:00,8247,5778,853,100
7/1/2019 11:00,8375,5866,850,100
7/1/2019 12:00,8495,5951,832,100
7/1/2019 13:00,8497,5954,835,100
7/1/2019 14:00,8497,5955,850,100
7/1/2019 15:00,8497,5954,855,100
7/1/2019 16:00,8498,5955,854,100
7/1/2019 17:00,8432,5891,847,100
8/1/2019 2:00,7175,4864,862,100
8/1/2019 3:00,7355,5148,877,100
8/1/2019 4:00,7570,5303,881,100
8/1/2019 5:00,7784,5459,885,100
8/1/2019 6:00,7971,5590,883,100
8/1/2019 7:00,8170,5723,885,100
8/1/2019 8:00,8328,5833,873,100
8/1/2019 9:00,8478,5936,860,100
8/1/2019 10:00,8613,6031,842,100
8/1/2019 11:00,8617,6033,793,100
8/1/2019 12:00,8614,6031,853,100
8/1/2019 13:00,8572,5999,846,100
8/1/2019 14:00,8501,5951,854,100
8/1/2019 15:00,8503,5954,846,100
8/1/2019 16:00,8556,5992,868,100
8/1/2019 17:00,8607,6024,864,100
8/1/2019 18:00,8656,6057,863,100
8/1/2019 19:00,8702,6088,882,100
8/1/2019 20:00,8700,6089,887,100
8/1/2019 21:00,8706,6093,889,100
8/1/2019 22:00,8768,6133,891,100
8/1/2019 23:00,8842,6188,894,100
9/1/2019 0:00,8918,6242,896,100
9/1/2019 1:00,8987,6294,897,100
9/1/2019 2:00,9000,6312,897,100
9/1/2019 3:00,9003,6311,898,100
9/1/2019 4:00,9005,6307,895,100
9/1/2019 5:00,9010,6306,885,100
9/1/2019 6:00,9008,6302,879,100
9/1/2019 7:00,9005,6303,881,100
9/1/2019 8:00,9004,6303,888,100
9/1/2019 9:00,8999,6302,890,100
9/1/2019 10:00,9001,6301,890,100
9/1/2019 11:00,9019,6312,890,100
9/1/2019 12:00,9069,6348,893,100
9/1/2019 13:00,9192,6401,890,100
9/1/2019 14:00,9317,6369,888,100
9/1/2019 15:00,9484,6363,890,100
9/1/2019 16:00,9634,6344,886,100
9/1/2019 17:00,9707,6311,879,100
9/1/2019 18:00,9719,6276,887,100
9/1/2019 19:00,9415,6135,890,100
9/1/2019 20:00,9090,6031,893,100
9/1/2019 21:00,8804,5951,895,100
9/1/2019 22:00,8648,6011,892,100
9/1/2019 23:00,8768,6152,888,100
10/1/2019 0:00,8893,6240,886,100
10/1/2019 1:00,8983,6302,883,100
10/1/2019 2:00,9001,6309,879,100
10/1/2019 3:00,9002,6302,879,100
10/1/2019 4:00,9005,6294,882,100
10/1/2019 5:00,9005,6293,881,100
10/1/2019 6:00,9006,6292,880,100
10/1/2019 7:00,9002,6291,884,100
10/1/2019 8:00,9001,6256,890,100
10/1/2019 9:00,9002,6142,894,100
10/1/2019 10:00,9002,6030,893,100
10/1/2019 11:00,9009,5915,896,100
10/1/2019 12:00,9070,5887,888,100
10/1/2019 13:00,9195,5971,874,100
10/1/2019 14:00,9319,6053,875,100
10/1/2019 15:00,9442,6139,873,100
10/1/2019 16:00,9505,6181,875,100
10/1/2019 17:00,9510,6178,877,100
10/1/2019 18:00,9512,6178,880,100
10/1/2019 19:00,9512,6180,881,100
10/1/2019 20:00,9518,6178,883,100
10/1/2019 21:00,9517,6178,883,100
10/1/2019 22:00,9516,6178,884,100
10/1/2019 23:00,9513,6177,889,100
11/1/2019 0:00,9513,6174,887,100
11/1/2019 1:00,9511,6179,885,100
11/1/2019 2:00,9518,6174,884,100
11/1/2019 3:00,9521,6174,884,100
11/1/2019 4:00,9517,6177,882,100
11/1/2019 5:00,9519,6172,876,100
11/1/2019 6:00,9512,6177,883,100
11/1/2019 7:00,9508,6179,885,100
11/1/2019 8:00,9510,6176,884,100
11/1/2019 9:00,9510,6176,881,100
11/1/2019 10:00,9511,6177,880,100
11/1/2019 11:00,9512,6174,882,100
11/1/2019 12:00,9402,6101,878,100
11/1/2019 13:00,9150,5945,870,100
11/1/2019 14:00,8900,5783,870,100
11/1/2019 15:00,8578,5357,865,100
14/01/19 19:00,7370,5169,887,100
14/01/19 20:00,7255,5082,893,100
14/01/19 21:00,7034,4934,891,100
14/01/19 22:00,7101,4977,892,100
14/01/19 23:00,7435,5207,889,100
15/01/19 00:00,7682,5383,890,100
15/01/19 01:00,7900,5532,891,100
15/01/19 02:00,8018,5618,885,100
15/01/19 03:00,8133,5701,883,100
15/01/19 04:00,8257,5790,885,100
15/01/19 05:00,8383,5880,884,100
15/01/19 06:00,8524,5979,880,100
15/01/19 07:00,8583,6021,880,100
15/01/19 08:00,8637,6055,872,100
15/01/19 09:00,8686,6088,840,100
15/01/19 10:00,8700,6094,869,100
15/01/19 11:00,8702,6091,861,100
15/01/19 12:00,8699,6086,867,100
15/01/19 13:00,8710,6099,871,100
15/01/19 14:00,8736,6119,874,100
15/01/19 15:00,8762,6139,877,100
15/01/19 16:00,8787,6163,875,100
15/01/19 17:00,8805,6168,873,100
15/01/19 18:00,8804,6163,879,100
15/01/19 19:00,8801,6160,878,100
15/01/19 20:00,8803,6157,875,100
15/01/19 21:00,8799,6156,876,100
15/01/19 22:00,8800,6159,876,100
15/01/19 23:00,8800,6163,875,100
16/01/19 00:00,8800,6161,873,100
16/01/19 01:00,8818,6174,871,100
16/01/19 02:00,8866,6208,874,100
16/01/19 03:00,8917,6240,888,100
16/01/19 04:00,8966,6280,857,100
16/01/19 05:00,8998,6303,870,100
16/01/19 06:00,9000,6307,879,100
16/01/19 07:00,9001,6310,872,100
16/01/19 08:00,9001,6307,868,100
16/01/19 09:00,9006,6309,870,100
16/01/19 10:00,9007,6302,870,100
16/01/19 11:00,9006,6300,866,100
16/01/19 12:00,8675,6025,862,100
16/01/19 13:00,8368,5811,867,100
16/01/19 14:00,8161,5672,869,100
16/01/19 15:00,8085,5622,868,100
16/01/19 16:00,8405,5885,866,100
16/01/19 17:00,8705,6101,864,100
16/01/19 18:00,8911,6244,860,100
16/01/19 19:00,8988,6294,861,100
16/01/19 20:00,8999,6305,864,100
16/01/19 21:00,9002,6300,874,100
16/01/19 22:00,9002,6298,880,100
16/01/19 23:00,9002,6300,878,100
17/01/19 00:00,9000,6299,870,100
17/01/19 01:00,8999,6303,834,100
17/01/19 02:00,9000,6304,810,100
17/01/19 03:00,9001,6305,827,100
17/01/19 04:00,9006,6306,841,100
17/01/19 05:00,9063,6349,836,100
17/01/19 06:00,9125,6396,833,100
17/01/19 07:00,9185,6438,830,100
17/01/19 08:00,9243,6481,828,100
17/01/19 09:00,9249,6477,859,100
17/01/19 10:00,9247,6472,859,100
17/01/19 11:00,9249,6477,867,100
17/01/19 12:00,9310,6519,873,100
17/01/19 13:00,9374,6566,858,100
17/01/19 14:00,9437,6614,858,100
17/01/19 15:00,9500,6652,861,100
17/01/19 16:00,9501,6653,880,100
17/01/19 17:00,9508,6657,831,100
17/01/19 18:00,9560,6691,847,100
17/01/19 19:00,9609,6725,866,100
17/01/19 20:00,9659,6759,864,100
17/01/19 21:00,9699,6788,871,100
17/01/19 22:00,9700,6790,872,100
17/01/19 23:00,9700,6789,867,100
18/01/19 00:00,9701,6791,855,100
18/01/19 01:00,9699,6791,840,100
18/01/19 02:00,9698,6785,858,100
18/01/19 03:00,9697,6785,855,100
18/01/19 04:00,9697,6782,873,100
18/01/19 05:00,9698,6779,881,100
18/01/19 06:00,9699,6781,885,100
18/01/19 07:00,9699,6783,884,100
18/01/19 08:00,9699,6787,882,100
18/01/19 09:00,9699,6789,851,100
18/01/19 10:00,9698,6790,850,100
18/01/19 11:00,9772,6839,887,100
18/01/19 12:00,9845,6887,887,100
18/01/19 13:00,9919,6939,886,100
18/01/19 14:00,9996,6991,878,100
18/01/19 15:00,9999,6996,861,100
18/01/19 16:00,9999,6997,838,100
18/01/19 17:00,10003,6997,862,100
18/01/19 18:00,10001,6999,869,100
18/01/19 19:00,9999,7000,869,100
18/01/19 20:00,10001,7003,881,100
18/01/19 21:00,9999,7004,881,100
18/01/19 22:00,10002,7005,878,100
18/01/19 23:00,10002,7001,881,100
19/01/19 00:00,10001,6998,886,100
19/01/19 01:00,10001,6999,888,100
19/01/19 02:00,10004,6995,873,100
19/01/19 03:00,10004,6997,879,100
19/01/19 04:00,10003,6999,885,100
19/01/19 05:00,10003,6998,878,100
19/01/19 06:00,10000,7001,876,100
19/01/19 07:00,9999,7003,872,100
19/01/19 08:00,10002,7000,803,100
19/01/19 09:00,10001,7002,813,100
19/01/19 10:00,10001,7002,840,100
19/01/19 11:00,10002,7002,847,100
19/01/19 12:00,9999,7004,868,100
19/01/19 13:00,10001,7007,875,100
19/01/19 14:00,9999,7004,878,100
19/01/19 15:00,9999,7003,878,100
19/01/19 16:00,10001,7002,878,100
19/01/19 17:00,10001,6998,879,100
19/01/19 18:00,10002,7000,881,100
19/01/19 19:00,9889,6919,875,100
19/01/19 20:00,9810,6870,878,100
19/01/19 21:00,9810,6868,877,100
19/01/19 22:00,9809,6867,876,100
19/01/19 23:00,9922,6949,877,100
20/01/19 00:00,9998,6999,878,100
20/01/19 01:00,9997,7002,879,100
20/01/19 02:00,9998,7002,880,100
20/01/19 03:00,9999,7003,885,100
20/01/19 04:00,9999,7004,887,100
20/01/19 05:00,10000,7001,888,100
20/01/19 06:00,9998,7000,888,100
20/01/19 07:00,9997,7002,882,100
20/01/19 08:00,9998,7003,884,100
20/01/19 09:00,9999,7006,884,100
20/01/19 10:00,10001,7010,883,100
20/01/19 11:00,10003,7009,881,100
20/01/19 12:00,10002,7006,882,100
20/01/19 13:00,10001,7004,881,100
20/01/19 14:00,10002,7000,874,100
20/01/19 15:00,10003,6998,872,100
20/01/19 16:00,10006,6996,868,100
20/01/19 17:00,10002,6996,876,100
20/01/19 18:00,10004,7000,872,100
20/01/19 19:00,10004,6999,872,100
20/01/19 20:00,10003,7003,876,100
20/01/19 21:00,10006,7007,880,100
20/01/19 22:00,10003,7007,880,100
20/01/19 23:00,10001,7007,880,100
21/01/19 00:00,10000,7005,880,100
21/01/19 01:00,10002,7004,879,100
21/01/19 02:00,10004,7004,864,100
21/01/19 03:00,10006,7006,869,100
21/01/19 04:00,10006,7005,867,100
21/01/19 05:00,10005,7000,870,100
21/01/19 06:00,10003,6996,872,100
21/01/19 07:00,10002,6994,871,100
21/01/19 08:00,10000,6994,863,100
21/01/19 09:00,9999,6996,869,100
21/01/19 10:00,9997,6995,869,100
21/01/19 11:00,9994,6993,869,100
21/01/19 12:00,9997,6995,863,100
21/01/19 13:00,9997,6996,863,100
21/01/19 14:00,10001,7001,863,100
21/01/19 15:00,10002,7004,871,100
21/01/19 16:00,10002,7002,875,100
21/01/19 17:00,10003,7001,877,100
21/01/19 18:00,10009,7006,879,100
21/01/19 19:00,10058,7042,879,100
21/01/19 20:00,10109,7079,877,100
21/01/19 21:00,10159,7115,876,100
21/01/19 22:00,10202,7141,876,100
21/01/19 23:00,10206,7141,874,100
22/01/19 00:00,10204,7140,865,100
22/01/19 01:00,10201,7141,834,100
22/01/19 02:00,10200,7140,857,100
22/01/19 03:00,10201,7141,868,100
22/01/19 04:00,10200,7143,869,100
22/01/19 05:00,10201,7143,870,100
22/01/19 06:00,10200,7143,874,100
22/01/19 07:00,10260,7188,866,100
22/01/19 08:00,10338,7237,864,100
22/01/19 09:00,10414,7288,872,100
22/01/19 10:00,10492,7343,861,100
22/01/19 11:00,10556,7383,853,100
22/01/19 12:00,10614,7418,859,100
22/01/19 13:00,10689,7465,861,100
22/01/19 14:00,10768,7522,850,100
22/01/19 15:00,10725,7557,844,100
22/01/19 16:00,10790,7611,852,100
22/01/19 17:00,10841,7648,851,100
22/01/19 18:00,10884,7680,866,100
22/01/19 19:00,11002,7697,871,100
22/01/19 20:00,11003,7696,870,100
22/01/19 21:00,11003,7698,869,100
22/01/19 22:00,11005,7696,864,100
22/01/19 23:00,11004,7699,869,100
23/01/19 00:00,11004,7700,875,100
23/01/19 01:00,11000,7701,875,100
23/01/19 02:00,11005,7703,875,100
23/01/19 03:00,10681,7476,881,100
23/01/19 04:00,10681,7475,876,100
23/01/19 05:00,10686,7473,875,100
23/01/19 06:00,10678,7471,879,100
23/01/19 07:00,11002,7694,886,100
23/01/19 08:00,11004,7690,889,100
23/01/19 09:00,10999,7689,891,100
23/01/19 10:00,11001,7693,889,100
23/01/19 11:00,11000,7693,868,100
23/01/19 12:00,10999,7699,845,100
23/01/19 13:00,11000,7701,848,100
23/01/19 14:00,10999,7702,873,100
23/01/19 15:00,10291,6665,866,100
23/01/19 16:00,10063,6355,861,100
23/01/19 18:00,9931,6259,852,100
23/01/19 19:00,10637,7295,853,100
23/01/19 20:00,10873,7596,852,100
23/01/19 21:00,11062,7580,840,100
23/01/19 22:00,11161,7512,835,100
23/01/19 23:00,11188,7478,838,100
24/01/19 00:00,11203,7454,837,100
24/01/19 11:00,7289,4845,889,100
24/01/19 12:00,7552,5282,886,100
24/01/19 13:00,7872,5519,893,100
24/01/19 14:00,8149,5719,895,100
24/01/19 15:00,8410,5903,895,100
24/01/19 16:00,8667,6081,895,100
24/01/19 17:00,8942,6267,895,100
24/01/19 18:00,9273,6494,892,100
24/01/19 19:00,9557,6687,890,100
24/01/19 20:00,9823,6873,889,100
24/01/19 21:00,9786,6837,889,100
24/01/19 22:00,9421,6583,897,100
24/01/19 23:00,9171,6409,900,100
25/01/19 00:00,8900,6219,895,100
25/01/19 01:00,8840,6191,893,100
25/01/19 02:00,9091,6362,889,100
25/01/19 03:00,9218,6450,879,100
25/01/19 04:00,9411,6589,876,100
25/01/19 05:00,9660,6761,884,100
25/01/19 06:00,9884,6923,879,100
25/01/19 07:00,10132,7101,877,100
25/01/19 08:00,10315,7220,865,100
25/01/19 09:00,10438,7307,867,100
25/01/19 10:00,10500,7346,878,100
25/01/19 11:00,10499,7347,872,100
25/01/19 12:00,10498,7350,858,100
25/01/19 13:00,10500,7353,865,100
25/01/19 14:00,10502,7355,877,100
25/01/19 15:00,10502,7361,879,100
25/01/19 16:00,10505,7362,884,100
25/01/19 17:00,10504,7355,888,100
25/01/19 18:00,10501,7353,873,100
25/01/19 19:00,10111,7066,873,100
25/01/19 20:00,9246,6296,887,100
29/01/19 22:00,6834,3921,837,100
29/01/19 23:00,7086,4682,815,100
30/01/19 00:00,7257,5015,749,100
30/01/19 01:00,7505,5259,847,100
30/01/19 02:00,7749,5433,862,100
30/01/19 03:00,7877,5519,867,100
30/01/19 04:00,8018,5614,869,100
30/01/19 05:00,8149,5712,873,100
30/01/19 06:00,8273,5792,878,100
30/01/19 07:00,8481,5938,874,100
30/01/19 08:00,8707,6092,825,100
30/01/19 09:00,8832,6180,842,100
30/01/19 10:00,8957,6270,865,100
30/01/19 11:00,8997,6299,888,100
30/01/19 12:00,8996,6299,882,100
30/01/19 13:00,8998,6296,878,100
30/01/19 14:00,8999,6296,868,100
30/01/19 15:00,9001,6296,871,100
30/01/19 16:00,9002,6292,876,100
30/01/19 17:00,9040,6324,878,100
30/01/19 18:00,9128,6389,869,100
30/01/19 19:00,9252,6475,864,100
30/01/19 20:00,9375,6568,869,100
30/01/19 21:00,9461,6620,870,100
30/01/19 22:00,9498,6646,873,100
30/01/19 23:00,9497,6649,877,100
31/01/19 00:00,9497,6651,878,100
31/01/19 01:00,9499,6658,877,100
31/01/19 02:00,9498,6658,880,100
31/01/19 03:00,9499,6657,892,100
31/01/19 04:00,9501,6651,895,100
31/01/19 05:00,9499,6650,896,100
31/01/19 06:00,9500,6648,898,100
31/01/19 07:00,9500,6648,899,100
31/01/19 08:00,9498,6652,895,100
31/01/19 09:00,9499,6652,891,100
31/01/19 10:00,9493,6647,901,100
31/01/19 11:00,9266,6488,902,100
31/01/19 12:00,9017,6310,889,100
