Time,Coque,BLS-37,BZ-11,BZ-11C
18/10/18 01:00,1,0,0,0
18/10/18 02:00,1,0,0,0
18/10/18 03:00,1,0,0,0
18/10/18 04:00,1,0,0,0
18/10/18 05:00,1,0,0,0
18/10/18 06:00,1,0,0,0
18/10/18 07:00,1,0,0,0
18/10/18 08:00,1,0,0,0
23/10/18 03:00,1,0,0,0
23/10/18 04:00,1,0,0,0
23/10/18 05:00,1,0,0,0
23/10/18 06:00,1,0,0,0
23/10/18 07:00,1,0,0,0
23/10/18 08:00,1,0,0,0
23/10/18 09:00,1,0,0,0
23/10/18 10:00,1,0,0,0
23/10/18 11:00,1,0,0,0
23/10/18 12:00,1,0,0,0
23/10/18 13:00,1,0,0,0
23/10/18 14:00,1,0,0,0
23/10/18 15:00,1,0,0,0
23/10/18 16:00,1,0,0,0
23/10/18 17:00,1,0,0,0
23/10/18 18:00,1,0,0,0
23/10/18 19:00,1,0,0,0
23/10/18 20:00,1,0,0,0
23/10/18 21:00,1,0,0,0
23/10/18 22:00,1,0,0,0
23/10/18 23:00,1,0,0,0
24/10/18 00:00,1,0,0,0
24/10/18 01:00,1,0,0,0
24/10/18 02:00,1,0,0,0
24/10/18 03:00,1,0,0,0
24/10/18 04:00,1,0,0,0
24/10/18 05:00,1,0,0,0
24/10/18 06:00,1,0,0,0
24/10/18 07:00,1,0,0,0
24/10/18 08:00,1,0,0,0
24/10/18 09:00,1,0,0,0
24/10/18 10:00,1,0,0,0
24/10/18 11:00,1,0,0,0
24/10/18 12:00,1,0,0,0
24/10/18 13:00,1,0,0,0
24/10/18 14:00,1,0,0,0
24/10/18 15:00,1,0,0,0
24/10/18 16:00,1,0,0,0
24/10/18 17:00,1,0,0,0
24/10/18 18:00,1,0,0,0
24/10/18 19:00,1,0,0,0
24/10/18 20:00,1,0,0,0
24/10/18 21:00,1,0,0,0
24/10/18 22:00,1,0,0,0
24/10/18 23:00,1,0,0,0
25/10/18 00:00,1,0,0,0
25/10/18 01:00,1,0,0,0
25/10/18 02:00,1,0,0,0
25/10/18 03:00,1,0,0,0
25/10/18 04:00,1,0,0,0
25/10/18 05:00,1,0,0,0
25/10/18 06:00,1,0,0,0
25/10/18 07:00,1,0,0,0
25/10/18 08:00,1,0,0,0
25/10/18 09:00,1,0,0,0
25/10/18 10:00,1,0,0,0
25/10/18 11:00,1,0,0,0
25/10/18 12:00,1,0,0,0
25/10/18 13:00,1,0,0,0
25/10/18 14:00,1,0,0,0
25/10/18 15:00,1,0,0,0
25/10/18 16:00,1,0,0,0
25/10/18 17:00,1,0,0,0
25/10/18 18:00,1,0,0,0
25/10/18 19:00,1,0,0,0
25/10/18 20:00,1,0,0,0
25/10/18 21:00,1,0,0,0
25/10/18 22:00,1,0,0,0
25/10/18 23:00,1,0,0,0
26/10/18 00:00,1,0,0,0
26/10/18 01:00,1,0,0,0
26/10/18 02:00,1,0,0,0
26/10/18 03:00,1,0,0,0
26/10/18 04:00,1,0,0,0
26/10/18 05:00,1,0,0,0
26/10/18 06:00,1,0,0,0
26/10/18 07:00,1,0,0,0
26/10/18 08:00,1,0,0,0
26/10/18 09:00,1,0,0,0
26/10/18 10:00,1,0,0,0
26/10/18 11:00,1,0,0,0
26/10/18 12:00,1,0,0,0
26/10/18 13:00,1,0,0,0
26/10/18 14:00,1,0,0,0
26/10/18 15:00,1,0,0,0
26/10/18 16:00,1,0,0,0
26/10/18 17:00,1,0,0,0
26/10/18 18:00,1,0,0,0
26/10/18 19:00,1,0,0,0
26/10/18 20:00,1,0,0,0
26/10/18 21:00,1,0,0,0
26/10/18 22:00,1,0,0,0
26/10/18 23:00,1,0,0,0
27/10/18 00:00,1,0,0,0
27/10/18 01:00,1,0,0,0
27/10/18 02:00,1,0,0,0
27/10/18 03:00,1,0,0,0
27/10/18 04:00,1,0,0,0
27/10/18 05:00,1,0,0,0
27/10/18 06:00,1,0,0,0
27/10/18 07:00,1,0,0,0
27/10/18 08:00,1,0,0,0
27/10/18 09:00,1,0,0,0
27/10/18 10:00,1,0,0,0
27/10/18 11:00,1,0,0,0
27/10/18 12:00,1,0,0,0
27/10/18 13:00,1,0,0,0
27/10/18 14:00,1,0,0,0
27/10/18 15:00,1,0,0,0
27/10/18 16:00,1,0,0,0
27/10/18 17:00,1,0,0,0
27/10/18 18:00,1,0,0,0
27/10/18 19:00,1,0,0,0
27/10/18 20:00,1,0,0,0
27/10/18 21:00,1,0,0,0
27/10/18 22:00,1,0,0,0
27/10/18 23:00,1,0,0,0
28/10/18 00:00,1,0,0,0
28/10/18 01:00,1,0,0,0
28/10/18 02:00,1,0,0,0
28/10/18 03:00,1,0,0,0
28/10/18 04:00,1,0,0,0
28/10/18 05:00,1,0,0,0
28/10/18 06:00,1,0,0,0
28/10/18 07:00,1,0,0,0
28/10/18 08:00,1,0,0,0
28/10/18 09:00,1,0,0,0
28/10/18 10:00,1,0,0,0
28/10/18 11:00,1,0,0,0
28/10/18 12:00,1,0,0,0
28/10/18 13:00,1,0,0,0
28/10/18 14:00,1,0,0,0
28/10/18 15:00,1,0,0,0
28/10/18 16:00,1,0,0,0
28/10/18 17:00,1,0,0,0
28/10/18 18:00,1,0,0,0
28/10/18 19:00,1,0,0,0
28/10/18 20:00,1,0,0,0
28/10/18 21:00,1,0,0,0
28/10/18 22:00,1,0,0,0
28/10/18 23:00,1,0,0,0
29/10/18 00:00,1,0,0,0
29/10/18 01:00,1,0,0,0
29/10/18 02:00,1,0,0,0
29/10/18 03:00,1,0,0,0
29/10/18 04:00,1,0,0,0
29/10/18 05:00,1,0,0,0
29/10/18 06:00,1,0,0,0
29/10/18 07:00,1,0,0,0
29/10/18 08:00,1,0,0,0
29/10/18 09:00,1,0,0,0
29/10/18 10:00,1,0,0,0
29/10/18 11:00,1,0,0,0
31/10/18 20:00,1,0,0,0
31/10/18 21:00,1,0,0,0
31/10/18 22:00,1,0,0,0
31/10/18 23:00,1,0,0,0
01/11/18 00:00,1,0,0,0
01/11/18 01:00,1,0,0,0
01/11/18 02:00,1,0,0,0
01/11/18 03:00,1,0,0,0
01/11/18 04:00,1,0,0,0
01/11/18 05:00,1,0,0,0
01/11/18 06:00,1,0,0,0
01/11/18 07:00,1,0,0,0
01/11/18 08:00,1,0,0,0
01/11/18 09:00,1,0,0,0
01/11/18 10:00,1,0,0,0
01/11/18 11:00,1,0,0,0
01/11/18 12:00,1,0,0,0
01/11/18 14:00,1,0,0,0
01/11/18 15:00,1,0,0,0
01/11/18 16:00,1,0,0,0
01/11/18 17:00,0.42,0,0.58,0
01/11/18 18:00,0.42,0,0.58,0
01/11/18 19:00,0.42,0,0.58,0
01/11/18 20:00,0.42,0,0.58,0
01/11/18 21:00,0.42,0,0.58,0
01/11/18 22:00,0.42,0,0.58,0
01/11/18 23:00,0.42,0,0.58,0
02/11/18 00:00,0.42,0,0.58,0
02/11/18 01:00,0.42,0,0.58,0
02/11/18 02:00,0.42,0,0.58,0
02/11/18 03:00,0.42,0,0.58,0
02/11/18 04:00,0.42,0,0.58,0
02/11/18 05:00,0.42,0,0.58,0
02/11/18 06:00,0.42,0,0.58,0
02/11/18 07:00,0.42,0,0.58,0
02/11/18 08:00,0.42,0,0.58,0
02/11/18 09:00,0.42,0,0.58,0
02/11/18 10:00,0.42,0,0.58,0
02/11/18 11:00,0.42,0,0.58,0
02/11/18 12:00,0.42,0,0.58,0
02/11/18 13:00,0.42,0,0.58,0
02/11/18 14:00,0.42,0,0.58,0
06/11/18 04:00,0.42,0,0.58,0
06/11/18 05:00,0.42,0,0.58,0
06/11/18 06:00,0.42,0,0.58,0
06/11/18 07:00,0.42,0,0.58,0
06/11/18 08:00,0.42,0,0.58,0
06/11/18 09:00,0.42,0,0.58,0
06/11/18 10:00,0.42,0,0.58,0
06/11/18 11:00,0.42,0,0.58,0
06/11/18 12:00,0.42,0,0.58,0
06/11/18 13:00,0.42,0,0.58,0
06/11/18 14:00,0.42,0,0.58,0
06/11/18 15:00,0.42,0,0.58,0
06/11/18 17:00,0.42,0,0.58,0
06/11/18 18:00,0.42,0,0.58,0
06/11/18 19:00,0.42,0,0.58,0
06/11/18 20:00,0.42,0,0.58,0
06/11/18 21:00,0.42,0,0.58,0
06/11/18 22:00,0.42,0,0.58,0
07/11/18 08:00,0.42,0,0.58,0
07/11/18 09:00,0.42,0,0.58,0
07/11/18 10:00,0.42,0,0.58,0
07/11/18 11:00,0.42,0,0.58,0
07/11/18 12:00,0.42,0,0.58,0
07/11/18 13:00,0.42,0,0.58,0
07/11/18 14:00,0.42,0,0.58,0
07/11/18 15:00,0.42,0,0.58,0
07/11/18 16:00,0.42,0,0.58,0
07/11/18 17:00,0.42,0,0.58,0
07/11/18 18:00,0.42,0,0.58,0
07/11/18 19:00,0.42,0,0.58,0
08/11/18 03:00,0.42,0,0.58,0
08/11/18 04:00,0.42,0,0.58,0
10/11/18 17:00,1,0,0,0
10/11/18 18:00,1,0,0,0
10/11/18 19:00,1,0,0,0
10/11/18 20:00,1,0,0,0
10/11/18 21:00,1,0,0,0
10/11/18 22:00,1,0,0,0
10/11/18 23:00,1,0,0,0
11/11/18 00:00,1,0,0,0
11/11/18 01:00,1,0,0,0
11/11/18 02:00,1,0,0,0
11/11/18 03:00,1,0,0,0
11/11/18 04:00,1,0,0,0
11/11/18 05:00,1,0,0,0
11/11/18 06:00,1,0,0,0
11/11/18 07:00,1,0,0,0
11/11/18 08:00,1,0,0,0
11/11/18 09:00,1,0,0,0
11/11/18 10:00,1,0,0,0
11/11/18 11:00,1,0,0,0
11/11/18 12:00,1,0,0,0
11/11/18 13:00,1,0,0,0
11/11/18 14:00,1,0,0,0
11/11/18 15:00,1,0,0,0
11/11/18 16:00,1,0,0,0
11/11/18 17:00,1,0,0,0
11/11/18 18:00,1,0,0,0
11/11/18 19:00,1,0,0,0
11/11/18 20:00,1,0,0,0
11/11/18 21:00,1,0,0,0
11/11/18 22:00,1,0,0,0
11/11/18 23:00,1,0,0,0
12/11/18 00:00,1,0,0,0
12/11/18 01:00,1,0,0,0
12/11/18 02:00,1,0,0,0
12/11/18 03:00,1,0,0,0
12/11/18 04:00,1,0,0,0
12/11/18 05:00,1,0,0,0
12/11/18 06:00,1,0,0,0
12/11/18 07:00,1,0,0,0
12/11/18 08:00,1,0,0,0
12/11/18 09:00,1,0,0,0
12/11/18 10:00,1,0,0,0
12/11/18 11:00,1,0,0,0
12/11/18 12:00,1,0,0,0
12/11/18 13:00,1,0,0,0
12/11/18 14:00,1,0,0,0
12/11/18 15:00,1,0,0,0
12/11/18 16:00,1,0,0,0
12/11/18 17:00,1,0,0,0
12/11/18 18:00,1,0,0,0
12/11/18 19:00,1,0,0,0
12/11/18 20:00,0.42,0,0.58,0
12/11/18 21:00,0.42,0,0.58,0
12/11/18 22:00,0.42,0,0.58,0
12/11/18 23:00,0.42,0,0.58,0
13/11/18 00:00,0.42,0,0.58,0
13/11/18 01:00,0.42,0,0.58,0
13/11/18 02:00,0.42,0,0.58,0
13/11/18 03:00,0.42,0,0.58,0
13/11/18 04:00,0.42,0,0.58,0
13/11/18 05:00,0.42,0,0.58,0
13/11/18 06:00,0.42,0,0.58,0
13/11/18 07:00,0.42,0,0.58,0
13/11/18 08:00,0.42,0,0.58,0
13/11/18 09:00,0.42,0,0.58,0
13/11/18 10:00,0.42,0,0.58,0
13/11/18 11:00,0.42,0,0.58,0
13/11/18 12:00,0.42,0,0.58,0
13/11/18 13:00,0.42,0,0.58,0
13/11/18 14:00,0.42,0,0.58,0
13/11/18 15:00,0.42,0,0.58,0
13/11/18 16:00,0.42,0,0.58,0
13/11/18 17:00,0.42,0,0.58,0
13/11/18 18:00,0.42,0,0.58,0
13/11/18 19:00,0.42,0,0.58,0
13/11/18 20:00,0.42,0,0.58,0
13/11/18 21:00,0.42,0,0.58,0
13/11/18 22:00,0.42,0,0.58,0
13/11/18 23:00,0.42,0,0.58,0
14/11/18 00:00,0.42,0,0.58,0
14/11/18 01:00,0.42,0,0.58,0
14/11/18 02:00,0.42,0,0.58,0
14/11/18 03:00,0.42,0,0.58,0
14/11/18 04:00,0.42,0,0.58,0
14/11/18 05:00,0.42,0,0.58,0
14/11/18 06:00,0.41,0,0.59,0
14/11/18 07:00,0.41,0,0.59,0
14/11/18 08:00,0.41,0,0.59,0
14/11/18 09:00,0.41,0,0.59,0
14/11/18 10:00,0.41,0,0.59,0
14/11/18 11:00,0.41,0,0.59,0
14/11/18 12:00,0.41,0,0.59,0
14/11/18 13:00,0.41,0,0.59,0
14/11/18 14:00,0.41,0,0.59,0
14/11/18 15:00,0.41,0,0.59,0
14/11/18 16:00,0.41,0,0.59,0
14/11/18 17:00,0.41,0,0.59,0
14/11/18 18:00,0.41,0,0.59,0
14/11/18 19:00,0.41,0,0.59,0
14/11/18 20:00,0.41,0,0.59,0
14/11/18 21:00,0.41,0,0.59,0
14/11/18 22:00,0.41,0,0.59,0
14/11/18 23:00,0.41,0,0.59,0
15/11/18 01:00,0,0,1,0
15/11/18 02:00,0,0,1,0
15/11/18 03:00,0,0,1,0
15/11/18 04:00,0,0,1,0
15/11/18 05:00,0,0,1,0
15/11/18 06:00,0,0,1,0
15/11/18 07:00,0,0,1,0
15/11/18 08:00,0,0,1,0
15/11/18 09:00,0,0,1,0
15/11/18 10:00,0,0,1,0
15/11/18 11:00,0,0,1,0
15/11/18 12:00,0,0,1,0
15/11/18 13:00,0,0,1,0
15/11/18 14:00,0,0,1,0
15/11/18 15:00,0,0,1,0
15/11/18 16:00,0,0,1,0
15/11/18 17:00,0,0,1,0
15/11/18 18:00,0,0,1,0
15/11/18 19:00,0,0,1,0
15/11/18 20:00,0,0,1,0
15/11/18 21:00,0,0,1,0
15/11/18 22:00,0,0,1,0
15/11/18 23:00,0,0,1,0
16/11/18 00:00,0,0,1,0
16/11/18 01:00,0,0,1,0
16/11/18 02:00,0,0,1,0
16/11/18 03:00,0,0,1,0
16/11/18 04:00,0,0,1,0
16/11/18 05:00,0,0,1,0
16/11/18 06:00,0,0,1,0
16/11/18 07:00,0,0,1,0
16/11/18 08:00,0,0,1,0
16/11/18 09:00,0,0,1,0
16/11/18 16:00,0,0,1,0
16/11/18 17:00,0,0,1,0
16/11/18 18:00,0,0,1,0
16/11/18 19:00,0,0,1,0
16/11/18 20:00,0,0,1,0
16/11/18 21:00,0,0,1,0
16/11/18 22:00,0,0,1,0
16/11/18 23:00,0,0,1,0
17/11/18 01:00,0,0,1,0
17/11/18 02:00,0,0,1,0
17/11/18 03:00,0,0,1,0
17/11/18 04:00,0,0,1,0
17/11/18 05:00,0,0,1,0
17/11/18 06:00,0,0,1,0
17/11/18 07:00,0,0,1,0
17/11/18 08:00,0,0,1,0
17/11/18 09:00,0,0,1,0
17/11/18 10:00,0,0,1,0
17/11/18 11:00,0,0,1,0
17/11/18 12:00,0,0,1,0
17/11/18 13:00,0,0,1,0
17/11/18 14:00,0,0,1,0
17/11/18 15:00,0,0,1,0
17/11/18 16:00,0,0,1,0
17/11/18 17:00,0,0,1,0
17/11/18 18:00,0,0,1,0
17/11/18 19:00,0,0,1,0
17/11/18 20:00,0,0,1,0
17/11/18 21:00,0,0,1,0
17/11/18 22:00,0,0,1,0
17/11/18 23:00,0,0,1,0
18/11/18 00:00,0,0,1,0
18/11/18 01:00,1,0,0,0
18/11/18 02:00,1,0,0,0
18/11/18 03:00,1,0,0,0
21/11/18 18:00,1,0,0,0
21/11/18 19:00,1,0,0,0
21/11/18 20:00,1,0,0,0
21/11/18 21:00,1,0,0,0
21/11/18 22:00,1,0,0,0
21/11/18 23:00,0,0,0,1
22/11/18 00:00,0,0,0,1
22/11/18 01:00,0,0,0,1
22/11/18 02:00,0,0,0,1
22/11/18 03:00,0,0,0,1
22/11/18 04:00,0,0,0,1
22/11/18 05:00,0,0,0,1
22/11/18 06:00,0,0,0,1
22/11/18 07:00,0,0,0,1
22/11/18 08:00,0,0,0,1
22/11/18 09:00,0,0,0,1
22/11/18 10:00,0,0,0,1
22/11/18 11:00,0,0,0,1
22/11/18 12:00,0,0,0,1
22/11/18 13:00,0,0,0,1
22/11/18 14:00,0,0,0,1
22/11/18 15:00,0,0,0,1
22/11/18 16:00,0,0,0,1
22/11/18 17:00,0,0,0,1
22/11/18 18:00,0,0,0,1
22/11/18 19:00,0,0,0,1
22/11/18 20:00,0,0,0,1
22/11/18 21:00,0,0,0,1
22/11/18 22:00,0,0,0,1
22/11/18 23:00,0,0,0,1
23/11/18 00:00,0,0,0,1
23/11/18 01:00,0,0,0,1
23/11/18 02:00,0,0,0,1
23/11/18 03:00,0,0,0,1
23/11/18 04:00,0,0,0,1
23/11/18 05:00,0,0,0,1
23/11/18 06:00,0,0,0,1
23/11/18 07:00,0,0,0,1
23/11/18 08:00,0,0,0,1
23/11/18 09:00,0,0,0,1
23/11/18 10:00,0,0,0,1
23/11/18 11:00,0,0,0,1
23/11/18 12:00,0,0,0,1
23/11/18 13:00,0,0,0,1
23/11/18 14:00,0,0,0,1
23/11/18 15:00,0,0,0,1
23/11/18 16:00,0,0,0,1
23/11/18 17:00,0,0,0,1
23/11/18 18:00,0,0,0,1
23/11/18 19:00,0,0,0,1
23/11/18 20:00,0,0,0,1
23/11/18 21:00,0,0,0,1
23/11/18 22:00,0,0,0,1
23/11/18 23:00,0,0,0,1
24/11/18 00:00,0,0,0,1
24/11/18 01:00,0,0,0,1
24/11/18 02:00,0,0,0,1
24/11/18 03:00,0.42,0,0,0.58
24/11/18 04:00,0.42,0,0,0.58
24/11/18 05:00,0.42,0,0,0.58
24/11/18 06:00,0.42,0,0,0.58
24/11/18 07:00,0.42,0,0,0.58
24/11/18 08:00,0.42,0,0,0.58
24/11/18 09:00,0.42,0,0,0.58
24/11/18 10:00,0.42,0,0,0.58
24/11/18 11:00,0.42,0,0,0.58
24/11/18 12:00,0.42,0,0,0.58
24/11/18 13:00,0.42,0,0,0.58
24/11/18 14:00,0.42,0,0,0.58
24/11/18 15:00,0.42,0,0,0.58
24/11/18 16:00,0.42,0,0,0.58
24/11/18 17:00,0.42,0,0,0.58
24/11/18 18:00,0.42,0,0,0.58
24/11/18 19:00,0.42,0,0,0.58
24/11/18 20:00,0.42,0,0,0.58
24/11/18 21:00,0.42,0,0,0.58
24/11/18 22:00,0.42,0,0,0.58
24/11/18 23:00,0.42,0,0,0.58
25/11/18 00:00,0.42,0,0,0.58
25/11/18 01:00,0.42,0,0,0.58
25/11/18 02:00,0.42,0,0,0.58
25/11/18 03:00,0.42,0,0,0.58
25/11/18 04:00,0.42,0,0,0.58
25/11/18 05:00,0.42,0,0,0.58
25/11/18 06:00,0.42,0,0,0.58
25/11/18 07:00,0.42,0,0,0.58
25/11/18 08:00,0.42,0,0,0.58
25/11/18 09:00,0.42,0,0,0.58
25/11/18 10:00,0.42,0,0,0.58
25/11/18 11:00,0.42,0,0,0.58
25/11/18 12:00,0.42,0,0,0.58
25/11/18 13:00,0.42,0,0,0.58
25/11/18 14:00,0.42,0,0,0.58
25/11/18 15:00,0.42,0,0,0.58
25/11/18 16:00,0.42,0,0,0.58
25/11/18 17:00,0.42,0,0,0.58
25/11/18 18:00,0.42,0,0,0.58
25/11/18 19:00,0.42,0,0,0.58
25/11/18 20:00,0.42,0,0,0.58
25/11/18 21:00,0.42,0,0,0.58
25/11/18 22:00,0.42,0,0,0.58
25/11/18 23:00,0.42,0,0,0.58
26/11/18 00:00,0.42,0,0,0.58
26/11/18 01:00,0.42,0,0,0.58
26/11/18 02:00,0.42,0,0,0.58
26/11/18 03:00,0.42,0,0,0.58
26/11/18 04:00,0.42,0,0,0.58
26/11/18 05:00,0.42,0,0,0.58
26/11/18 06:00,0.42,0,0,0.58
26/11/18 07:00,0.42,0,0,0.58
26/11/18 08:00,0.42,0,0,0.58
26/11/18 09:00,0.42,0,0,0.58
26/11/18 10:00,0.42,0,0,0.58
26/11/18 11:00,0.42,0,0,0.58
26/11/18 12:00,1,0,0,0
26/11/18 13:00,1,0,0,0
26/11/18 14:00,1,0,0,0
29/11/18 19:00,0.5,0,0,0.5
29/11/18 20:00,0.5,0,0,0.5
29/11/18 21:00,0.5,0,0,0.5
29/11/18 22:00,0.5,0,0,0.5
29/11/18 23:00,0.5,0,0,0.5
30/11/18 00:00,0.5,0,0,0.5
30/11/18 01:00,0,0,0,1
30/11/18 02:00,0,0,0,1
30/11/18 03:00,0,0,0,1
30/11/18 04:00,0,0,0,1
30/11/18 05:00,0,0,0,1
30/11/18 06:00,0,0,0,1
30/11/18 07:00,0,0,0,1
30/11/18 08:00,0,0,0,1
30/11/18 09:00,0,0,0,1
30/11/18 10:00,0,0,0,1
30/11/18 11:00,0,0,0,1
30/11/18 12:00,0,0,0,1
30/11/18 13:00,0,0,0,1
30/11/18 14:00,0,0,0,1
30/11/18 15:00,0,0,0,1
30/11/18 16:00,0,0,0,1
30/11/18 17:00,0,0,0,1
30/11/18 18:00,0,0,0,1
30/11/18 19:00,0,0,0,1
30/11/18 20:00,0,0,0,1
30/11/18 23:00,0,0,0,1
01/12/18 00:00,0,0,0,1
01/12/18 01:00,0,0,0,1
01/12/18 02:00,0,0,0,1
01/12/18 03:00,0,0,0,1
01/12/18 04:00,0,0,0,1
01/12/18 05:00,0,0,0,1
01/12/18 06:00,0,0,0,1
01/12/18 07:00,0,0,0,1
01/12/18 08:00,0,0,0,1
01/12/18 09:00,0,0,0,1
01/12/18 10:00,0,0,0,1
01/12/18 11:00,0,0,0,1
01/12/18 12:00,0,0,0,1
01/12/18 13:00,0,0,0,1
01/12/18 14:00,0,0,0,1
01/12/18 15:00,0,0,0,1
01/12/18 16:00,0,0,0,1
01/12/18 17:00,0,0,0,1
01/12/18 18:00,0,0,0,1
01/12/18 19:00,0,0,0,1
01/12/18 20:00,0,0,0,1
01/12/18 21:00,0,0,0,1
01/12/18 22:00,0,0,0,1
01/12/18 23:00,0,0,0,1
02/12/18 00:00,0,0,0,1
02/12/18 01:00,0,0,0,1
02/12/18 02:00,0,0,0,1
02/12/18 03:00,0,0,0,1
02/12/18 04:00,0,0,0,1
02/12/18 05:00,0,0,0,1
02/12/18 06:00,0,0,0,1
02/12/18 07:00,0,0,0,1
02/12/18 08:00,0,0,0,1
02/12/18 09:00,0,0,0,1
02/12/18 10:00,0,0,0,1
02/12/18 11:00,0,0,0,1
02/12/18 12:00,0,0,0,1
02/12/18 13:00,0,0,0,1
02/12/18 14:00,0,0,0,1
02/12/18 15:00,0,0,0,1
02/12/18 16:00,0,0,0,1
02/12/18 17:00,0,0,0,1
02/12/18 18:00,0,0,0,1
02/12/18 19:00,0,0,0,1
02/12/18 20:00,0,0,0,1
02/12/18 21:00,0,0,0,1
02/12/18 22:00,0,0,0,1
02/12/18 23:00,0,0,0,1
03/12/18 00:00,0,0,0,1
03/12/18 01:00,0,0,0,1
03/12/18 02:00,0,0,0,1
03/12/18 03:00,0,0,0,1
03/12/18 04:00,0,0,0,1
03/12/18 05:00,0,0,0,1
03/12/18 06:00,0,0,0,1
03/12/18 07:00,0,0,0,1
03/12/18 08:00,0,0,0,1
03/12/18 09:00,0,0,0,1
03/12/18 10:00,0,0,0,1
03/12/18 11:00,0,0,0,1
03/12/18 12:00,0,0,0,1
03/12/18 13:00,1,0,0,0
03/12/18 14:00,1,0,0,0
04/12/18 08:00,0,0,0,1
04/12/18 09:00,0,0,0,1
04/12/18 10:00,0,0,0,1
04/12/18 11:00,0,0,0,1
04/12/18 12:00,0,0,0,1
04/12/18 13:00,0,0,0,1
04/12/18 14:00,0,0,0,1
04/12/18 15:00,0,0,0,1
04/12/18 16:00,0,0,0,1
04/12/18 17:00,0,0,0,1
04/12/18 18:00,0,0,0,1
04/12/18 19:00,0,0,0,1
04/12/18 20:00,0,0,0,1
04/12/18 21:00,0,0,0,1
04/12/18 22:00,0,0,0,1
04/12/18 23:00,0,0,0,1
05/12/18 00:00,1,0,0,0
05/12/18 01:00,1,0,0,0
05/12/18 02:00,1,0,0,0
05/12/18 03:00,1,0,0,0
05/12/18 04:00,1,0,0,0
05/12/18 05:00,1,0,0,0
05/12/18 06:00,1,0,0,0
05/12/18 07:00,1,0,0,0
05/12/18 08:00,1,0,0,0
05/12/18 09:00,1,0,0,0
05/12/18 10:00,1,0,0,0
11/12/18 09:00,0,0,0,1
11/12/18 10:00,0,0,0,1
11/12/18 11:00,0,0,0,1
11/12/18 12:00,0,0,0,1
11/12/18 13:00,0,0,0,1
11/12/18 14:00,0,0,0,1
11/12/18 15:00,0,0,0,1
11/12/18 16:00,0,0,0,1
11/12/18 17:00,0,0,0,1
11/12/18 18:00,0,0,0,1
11/12/18 19:00,0,0,0,1
11/12/18 20:00,0,0,0,1
11/12/18 21:00,0,0,0,1
11/12/18 22:00,0,0,0,1
11/12/18 23:00,0,0,0,1
12/12/18 00:00,0,0,0,1
12/12/18 01:00,0,0,0,1
12/12/18 02:00,0,0,0,1
12/12/18 03:00,0,0,0,1
12/12/18 18:00,0,0,0,1
12/12/18 19:00,0,0,0,1
12/12/18 20:00,0,0,0,1
12/12/18 21:00,0,0,0,1
12/12/18 22:00,0,0,0,1
12/12/18 23:00,0,0,0,1
13/12/18 00:00,0,0,0,1
13/12/18 01:00,0,0,0,1
13/12/18 02:00,0,0,0,1
13/12/18 03:00,0,0,0,1
13/12/18 04:00,0,0,0,1
13/12/18 05:00,0,0,0,1
13/12/18 06:00,0,0,0,1
13/12/18 07:00,0,0,0,1
13/12/18 08:00,0,0,0,1
13/12/18 09:00,0,0,0,1
13/12/18 10:00,0,0,0,1
13/12/18 11:00,0,0,0,1
13/12/18 12:00,0,0,0,1
13/12/18 13:00,0,0,0,1
13/12/18 14:00,0,0,0,1
13/12/18 15:00,0,0,0,1
13/12/18 16:00,0,0,0,1
13/12/18 17:00,0,0,0,1
13/12/18 18:00,0,0,0,1
13/12/18 19:00,0,0,0,1
13/12/18 20:00,0,0,0,1
13/12/18 21:00,0,0,0,1
13/12/18 22:00,0,0,0,1
13/12/18 23:00,0,0,0,1
14/12/18 00:00,0,0,0,1
14/12/18 01:00,0,0,0,1
14/12/18 02:00,0,0,0,1
14/12/18 03:00,0,0,0,1
14/12/18 04:00,0,0,0,1
14/12/18 05:00,0,0,0,1
14/12/18 06:00,0,0,0,1
14/12/18 07:00,0,0,0,1
14/12/18 08:00,0,0,0,1
14/12/18 09:00,0,0,0,1
14/12/18 10:00,0,0,0,1
14/12/18 11:00,0,0,0,1
14/12/18 12:00,0,0,0,1
14/12/18 13:00,0,0,0,1
14/12/18 14:00,0,0,0,1
14/12/18 15:00,0,0,0,1
14/12/18 16:00,0,0,0,1
14/12/18 17:00,0,0,0,1
14/12/18 18:00,0,0,0,1
14/12/18 19:00,0,0,0,1
14/12/18 20:00,0,0,0,1
14/12/18 21:00,0,0,0,1
14/12/18 22:00,0,0,0,1
14/12/18 23:00,0,0,0,1
15/12/18 00:00,0,0,0,1
15/12/18 01:00,0,0,0,1
15/12/18 02:00,0,0,0,1
15/12/18 03:00,0,0,0,1
15/12/18 04:00,0,0,0,1
15/12/18 05:00,0,0,0,1
15/12/18 06:00,0,0,0,1
15/12/18 07:00,0,0,0,1
15/12/18 08:00,0,0,0,1
15/12/18 09:00,0,0,0,1
15/12/18 10:00,0,0,0,1
15/12/18 11:00,0,0,0,1
15/12/18 12:00,0,0,0,1
15/12/18 13:00,0,0,0,1
15/12/18 14:00,0,0,0,1
15/12/18 15:00,0,0,0,1
15/12/18 16:00,0,0,0,1
15/12/18 17:00,0,0,0,1
15/12/18 18:00,0,0,0,1
15/12/18 19:00,0,0,0,1
15/12/18 20:00,0,0,0,1
15/12/18 21:00,0,0,0,1
15/12/18 22:00,0,0,0,1
15/12/18 23:00,0,0,0,1
16/12/18 00:00,0,0,0,1
16/12/18 01:00,0,0,0,1
16/12/18 02:00,0,0,0,1
16/12/18 03:00,0,0,0,1
16/12/18 04:00,0,0,0,1
16/12/18 05:00,0,0,0,1
16/12/18 06:00,0,0,0,1
16/12/18 07:00,0,0,0,1
16/12/18 08:00,0,0,0,1
16/12/18 09:00,0,0,0,1
16/12/18 10:00,0,0,0,1
16/12/18 11:00,0,0,0,1
16/12/18 12:00,0,0,0,1
16/12/18 13:00,0,0,0,1
16/12/18 14:00,0,0,0,1
16/12/18 15:00,0,0,0,1
16/12/18 16:00,0,0,0,1
16/12/18 17:00,0,0,0,1
16/12/18 18:00,0,0,0,1
16/12/18 19:00,0,0,0,1
16/12/18 20:00,0,0,0,1
16/12/18 21:00,0,0,0,1
16/12/18 22:00,0,0,0,1
16/12/18 23:00,0,0,0,1
17/12/18 00:00,0,0,0,1
17/12/18 01:00,0,0,0,1
17/12/18 02:00,0,0,0,1
17/12/18 03:00,0,0,0,1
17/12/18 04:00,0,0,0,1
17/12/18 05:00,0,0,0,1
17/12/18 06:00,0,0,0,1
17/12/18 07:00,0,0,0,1
17/12/18 08:00,0,0,0,1
17/12/18 09:00,0,0,0,1
17/12/18 10:00,0,0,0,1
17/12/18 11:00,0,0,0,1
17/12/18 12:00,0,0,0,1
17/12/18 13:00,0,0,0,1
17/12/18 14:00,0,0,0,1
17/12/18 15:00,0,0,0,1
17/12/18 16:00,0,0,0,1
17/12/18 17:00,0,0,0,1
17/12/18 18:00,0,0,0,1
17/12/18 19:00,0,0,0,1
17/12/18 20:00,0,0,0,1
17/12/18 21:00,0,0,0,1
17/12/18 22:00,0,0,0,1
17/12/18 23:00,0,0,0,1
18/12/18 00:00,0,0,0,1
18/12/18 01:00,0,0,0,1
18/12/18 02:00,0,0,0,1
18/12/18 03:00,0,0,0,1
18/12/18 04:00,0,0,0,1
18/12/18 05:00,0,0,0,1
18/12/18 06:00,0,0,0,1
18/12/18 07:00,0,0,0,1
18/12/18 08:00,0,0,0,1
18/12/18 09:00,0,0,0,1
18/12/18 10:00,0,0,0,1
18/12/18 11:00,0,0,0,1
18/12/18 12:00,0,0,0,1
18/12/18 13:00,0,0,0,1
18/12/18 14:00,0,0,0,1
18/12/18 15:00,0,0,0,1
18/12/18 16:00,0,0,0,1
18/12/18 17:00,0,0,0,1
18/12/18 18:00,0,0,0,1
18/12/18 19:00,0,0,0,1
18/12/18 20:00,0,0,0,1
18/12/18 21:00,0,0,0,1
18/12/18 22:00,0,0,0,1
18/12/18 23:00,0,0,0,1
19/12/18 00:00,0,0,0,1
19/12/18 03:00,0,0,0,1
19/12/18 04:00,0,0,0,1
19/12/18 05:00,0,0,0,1
22/12/18 23:00,0,0,0,1
23/12/18 00:00,0,0,0,1
23/12/18 01:00,0,0,0,1
23/12/18 02:00,0,0,0,1
23/12/18 03:00,0,0,0,1
23/12/18 04:00,0,0,0,1
23/12/18 05:00,0,0,0,1
23/12/18 06:00,0,0,0,1
23/12/18 07:00,0,0,0,1
23/12/18 08:00,0,0,0,1
23/12/18 09:00,0,0,0,1
23/12/18 10:00,0,0,0,1
23/12/18 11:00,0,0,0,1
23/12/18 12:00,0,0,0,1
23/12/18 13:00,0,0,0,1
23/12/18 14:00,0,0,0,1
23/12/18 15:00,0,0,0,1
23/12/18 16:00,0,0,0,1
23/12/18 17:00,0,0,0,1
23/12/18 18:00,0,0,0,1
23/12/18 19:00,0,0,0,1
23/12/18 20:00,0,0,0,1
23/12/18 21:00,0,0,0,1
23/12/18 22:00,0,0,0,1
23/12/18 23:00,0,0,0,1
24/12/18 00:00,0,0,0,1
24/12/18 02:00,0,0,0,1
24/12/18 03:00,0,0,0,1
24/12/18 04:00,0,0,0,1
24/12/18 05:00,0,0,0,1
24/12/18 06:00,0,0,0,1
24/12/18 07:00,0,0,0,1
24/12/18 08:00,0,0,0,1
24/12/18 09:00,0,0,0,1
24/12/18 10:00,0,0,0,1
26/12/18 06:00,0,0,0,1
26/12/18 07:00,0,0,0,1
26/12/18 08:00,0,0,0,1
26/12/18 09:00,0,0,0,1
26/12/18 10:00,0,0,0,1
26/12/18 11:00,0,0,0,1
26/12/18 12:00,0,0,0,1
26/12/18 13:00,0,0,0,1
26/12/18 14:00,0,0,0,1
26/12/18 15:00,0,0,0,1
26/12/18 16:00,0,0,0,1
26/12/18 17:00,0,0,0,1
26/12/18 18:00,0,0,0,1
28/12/18 13:00,1,0,0,0
28/12/18 14:00,1,0,0,0
28/12/18 15:00,1,0,0,0
28/12/18 16:00,1,0,0,0
28/12/18 17:00,1,0,0,0
28/12/18 18:00,1,0,0,0
28/12/18 19:00,1,0,0,0
28/12/18 20:00,1,0,0,0
28/12/18 21:00,1,0,0,0
28/12/18 22:00,1,0,0,0
28/12/18 23:00,1,0,0,0
29/12/18 00:00,1,0,0,0
29/12/18 01:00,1,0,0,0
29/12/18 02:00,1,0,0,0
29/12/18 03:00,0,0,0,1
29/12/18 04:00,0,0,0,1
29/12/18 05:00,0,0,0,1
29/12/18 12:00,0,0,0,1
29/12/18 13:00,0,0,0,1
29/12/18 19:00,0,0,0,1
29/12/18 20:00,0,0,0,1
29/12/18 21:00,0,0,0,1
29/12/18 22:00,0,0,0,1
29/12/18 23:00,0,0,0,1
30/12/18 00:00,0,0,0,1
30/12/18 01:00,0,0,0,1
30/12/18 02:00,0,0,0,1
30/12/18 03:00,0,0,0,1
30/12/18 04:00,0,0,0,1
30/12/18 05:00,0,0,0,1
30/12/18 06:00,0,0,0,1
30/12/18 07:00,0,0,0,1
30/12/18 08:00,0,0,0,1
30/12/18 09:00,0,0,0,1
30/12/18 10:00,0,0,0,1
30/12/18 11:00,0,0,0,1
30/12/18 12:00,0,0,0,1
30/12/18 13:00,0,0,0,1
30/12/18 14:00,0,0,0,1
30/12/18 15:00,0,0,0,1
30/12/18 16:00,0,0,0,1
30/12/18 17:00,0,0,0,1
30/12/18 18:00,0,0,0,1
30/12/18 19:00,0,0,0,1
30/12/18 20:00,0,0,0,1
30/12/18 21:00,0,0,0,1
30/12/18 22:00,0,0,0,1
30/12/18 23:00,0,0,0,1
31/12/18 00:00,0,0,0,1
31/12/18 01:00,0,0,0,1
31/12/18 02:00,0,0,0,1
31/12/18 06:00,0,0,0,1
31/12/18 07:00,0.27,0,0,0.73
31/12/18 08:00,0.27,0,0,0.73
31/12/18 09:00,0.27,0,0,0.73
31/12/18 10:00,0.27,0,0,0.73
31/12/18 11:00,0.27,0,0,0.73
01/01/19 23:00,0.11,0,0,0.89
02/01/19 00:00,0.11,0,0,0.89
02/01/19 01:00,0.11,0,0,0.89
02/01/19 02:00,0.11,0,0,0.89
02/01/19 03:00,0.11,0,0,0.89
02/01/19 04:00,0.11,0,0,0.89
02/01/19 05:00,0.11,0,0,0.89
02/01/19 06:00,0.11,0,0,0.89
02/01/19 07:00,0.05,0,0,0.95
02/01/19 08:00,0.05,0,0,0.95
02/01/19 09:00,0.05,0,0,0.95
02/01/19 10:00,0.05,0,0,0.95
02/01/19 11:00,0.05,0,0,0.95
02/01/19 12:00,0.05,0,0,0.95
02/01/19 13:00,0.05,0,0,0.95
02/01/19 14:00,0.05,0,0,0.95
02/01/19 15:00,0.05,0,0,0.95
02/01/19 16:00,0.05,0,0,0.95
02/01/19 17:00,0.05,0,0,0.95
02/01/19 18:00,0.05,0,0,0.95
02/01/19 19:00,0.05,0,0,0.95
02/01/19 20:00,0.05,0,0,0.95
02/01/19 21:00,0.05,0,0,0.95
02/01/19 22:00,0.05,0,0,0.95
02/01/19 23:00,0.05,0,0,0.95
03/01/19 00:00,0.05,0,0,0.95
03/01/19 01:00,0.05,0,0,0.95
03/01/19 02:00,0.05,0,0,0.95
03/01/19 03:00,0.05,0,0,0.95
03/01/19 04:00,0.05,0,0,0.95
03/01/19 05:00,0.05,0,0,0.95
03/01/19 06:00,0.05,0,0,0.95
03/01/19 07:00,0.13,0,0,0.87
03/01/19 08:00,0.13,0,0,0.87
03/01/19 09:00,0.13,0,0,0.87
03/01/19 10:00,0.13,0,0,0.87
03/01/19 11:00,0.13,0,0,0.87
03/01/19 12:00,0.13,0,0,0.87
03/01/19 13:00,0.13,0,0,0.87
03/01/19 14:00,0.13,0,0,0.87
03/01/19 15:00,0.13,0,0,0.87
03/01/19 16:00,0.13,0,0,0.87
03/01/19 17:00,0.13,0,0,0.87
03/01/19 18:00,0.13,0,0,0.87
03/01/19 19:00,0.13,0,0,0.87
03/01/19 20:00,0.13,0,0,0.87
03/01/19 21:00,0.13,0,0,0.87
03/01/19 22:00,0.13,0,0,0.87
03/01/19 23:00,0.13,0,0,0.87
04/01/19 00:00,0.13,0,0,0.87
04/01/19 01:00,0.13,0,0,0.87
04/01/19 02:00,0.13,0,0,0.87
04/01/19 03:00,0.13,0,0,0.87
04/01/19 04:00,0.13,0,0,0.87
04/01/19 05:00,0.13,0,0,0.87
04/01/19 06:00,0.13,0,0,0.87
04/01/19 07:00,0.13,0,0,0.87
04/01/19 13:00,0.03,0,0,0.97
04/01/19 14:00,0.03,0,0,0.97
04/01/19 15:00,0.03,0,0,0.97
04/01/19 16:00,0.03,0,0,0.97
04/01/19 17:00,0.03,0,0,0.97
04/01/19 18:00,0.03,0,0,0.97
04/01/19 19:00,0.03,0,0,0.97
04/01/19 20:00,0.03,0,0,0.97
04/01/19 21:00,0.03,0,0,0.97
04/01/19 22:00,0.03,0,0,0.97
04/01/19 23:00,0.03,0,0,0.97
05/01/19 00:00,0.03,0,0,0.97
05/01/19 01:00,0.03,0,0,0.97
05/01/19 02:00,0.03,0,0,0.97
05/01/19 03:00,0.03,0,0,0.97
05/01/19 04:00,0.03,0,0,0.97
05/01/19 05:00,0.03,0,0,0.97
05/01/19 06:00,0.03,0,0,0.97
05/01/19 07:00,0,0,0,1
05/01/19 08:00,0,0,0,1
05/01/19 09:00,0,0,0,1
05/01/19 10:00,0,0,0,1
05/01/19 11:00,0,0,0,1
05/01/19 12:00,0,0,0,1
05/01/19 13:00,0,0,0,1
05/01/19 14:00,0,0,0,1
05/01/19 15:00,0,0,0,1
05/01/19 16:00,0,0,0,1
05/01/19 17:00,0,0,0,1
05/01/19 18:00,0,0,0,1
05/01/19 19:00,0,0,0,1
05/01/19 20:00,0,0,0,1
05/01/19 21:00,0,0,0,1
05/01/19 22:00,0,0,0,1
05/01/19 23:00,0,0,0,1
06/01/19 00:00,0,0,0,1
06/01/19 01:00,0,0,0,1
06/01/19 02:00,0,0,0,1
06/01/19 03:00,0,0,0,1
06/01/19 04:00,0,0,0,1
06/01/19 05:00,0,0,0,1
06/01/19 06:00,0,0,0,1
06/01/19 07:00,0.08,0,0,0.92
06/01/19 08:00,0.08,0,0,0.92
06/01/19 09:00,0.08,0,0,0.92
06/01/19 10:00,0.08,0,0,0.92
06/01/19 11:00,0.08,0,0,0.92
06/01/19 12:00,0.08,0,0,0.92
06/01/19 13:00,0.08,0,0,0.92
06/01/19 14:00,0.08,0,0,0.92
06/01/19 15:00,0.08,0,0,0.92
06/01/19 16:00,0.08,0,0,0.92
06/01/19 17:00,0.08,0,0,0.92
06/01/19 18:00,0.08,0,0,0.92
06/01/19 19:00,0.08,0,0,0.92
06/01/19 20:00,0.08,0,0,0.92
06/01/19 23:00,0.08,0,0,0.92
07/01/19 02:00,0.08,0,0,0.92
07/01/19 03:00,0.08,0,0,0.92
07/01/19 04:00,0.08,0,0,0.92
07/01/19 05:00,0.08,0,0,0.92
07/01/19 06:00,0.08,0,0,0.92
07/01/19 07:00,0.22,0,0,0.78
07/01/19 08:00,0.22,0,0,0.78
07/01/19 09:00,0.22,0,0,0.78
07/01/19 10:00,0.22,0,0,0.78
07/01/19 11:00,0.22,0,0,0.78
07/01/19 12:00,0.22,0,0,0.78
07/01/19 13:00,0.22,0,0,0.78
07/01/19 14:00,0.22,0,0,0.78
07/01/19 15:00,0.22,0,0,0.78
07/01/19 16:00,0.22,0,0,0.78
07/01/19 17:00,0.22,0,0,0.78
08/01/19 02:00,0.22,0,0,0.78
08/01/19 03:00,0.22,0,0,0.78
08/01/19 04:00,0.22,0,0,0.78
08/01/19 05:00,0.22,0,0,0.78
08/01/19 06:00,0.22,0,0,0.78
08/01/19 07:00,0,0,0,1
08/01/19 08:00,0,0,0,1
08/01/19 09:00,0,0,0,1
08/01/19 10:00,0,0,0,1
08/01/19 11:00,0,0,0,1
08/01/19 12:00,0,0,0,1
08/01/19 13:00,0,0,0,1
08/01/19 14:00,0,0,0,1
08/01/19 15:00,0,0,0,1
08/01/19 16:00,0,0,0,1
08/01/19 17:00,0,0,0,1
08/01/19 18:00,0,0,0,1
08/01/19 19:00,0,0,0,1
08/01/19 20:00,0,0,0,1
08/01/19 21:00,0,0,0,1
08/01/19 22:00,0,0,0,1
08/01/19 23:00,0,0,0,1
09/01/19 00:00,0,0,0,1
09/01/19 01:00,0,0,0,1
09/01/19 02:00,0,0,0,1
09/01/19 03:00,0,0,0,1
09/01/19 04:00,0,0,0,1
09/01/19 05:00,0,0,0,1
09/01/19 06:00,0,0,0,1
09/01/19 07:00,0,0,0,1
09/01/19 08:00,0,0,0,1
09/01/19 09:00,0,0,0,1
09/01/19 10:00,0,0,0,1
09/01/19 11:00,0,0,0,1
09/01/19 12:00,0,0,0,1
09/01/19 13:00,0,0,0,1
09/01/19 14:00,0,0,0,1
09/01/19 15:00,0,0,0,1
09/01/19 16:00,0,0,0,1
09/01/19 17:00,0,0,0,1
09/01/19 18:00,0,0,0,1
09/01/19 19:00,0,0,0,1
09/01/19 20:00,0,0,0,1
09/01/19 21:00,0,0,0,1
09/01/19 22:00,0,0,0,1
09/01/19 23:00,0,0,0,1
10/01/19 00:00,0,0,0,1
10/01/19 01:00,0,0,0,1
10/01/19 02:00,0,0,0,1
10/01/19 03:00,0,0,0,1
10/01/19 04:00,0,0,0,1
10/01/19 05:00,0,0,0,1
10/01/19 06:00,0,0,0,1
10/01/19 07:00,0.15,0,0,0.85
10/01/19 08:00,0.15,0,0,0.85
10/01/19 09:00,0.15,0,0,0.85
10/01/19 10:00,0.15,0,0,0.85
10/01/19 11:00,0.15,0,0,0.85
10/01/19 12:00,0.15,0,0,0.85
10/01/19 13:00,0.15,0,0,0.85
10/01/19 14:00,0.15,0,0,0.85
10/01/19 15:00,0.15,0,0,0.85
10/01/19 16:00,0.15,0,0,0.85
10/01/19 17:00,0.15,0,0,0.85
10/01/19 18:00,0.15,0,0,0.85
10/01/19 19:00,0.15,0,0,0.85
10/01/19 20:00,0.15,0,0,0.85
10/01/19 21:00,0.15,0,0,0.85
10/01/19 22:00,0.15,0,0,0.85
10/01/19 23:00,0.15,0,0,0.85
11/01/19 00:00,0.15,0,0,0.85
11/01/19 01:00,0.15,0,0,0.85
11/01/19 02:00,0.15,0,0,0.85
11/01/19 03:00,0.15,0,0,0.85
11/01/19 04:00,0.15,0,0,0.85
11/01/19 05:00,0.15,0,0,0.85
11/01/19 06:00,0.15,0,0,0.85
11/01/19 07:00,0,0,0,1
11/01/19 08:00,0,0,0,1
11/01/19 09:00,0,0,0,1
11/01/19 10:00,0,0,0,1
11/01/19 11:00,0,0,0,1
11/01/19 12:00,0,0,0,1
11/01/19 13:00,0,0,0,1
11/01/19 14:00,0,0,0,1
11/01/19 15:00,0,0,0,1
14/01/19 19:00,0,0,0,1
14/01/19 20:00,0,0,0,1
14/01/19 21:00,0,0,0,1
14/01/19 22:00,0,0,0,1
14/01/19 23:00,0,0,0,1
15/01/19 00:00,0,0,0,1
15/01/19 01:00,0,0,0,1
15/01/19 02:00,0,0,0,1
15/01/19 03:00,0,0,0,1
15/01/19 04:00,0,0,0,1
15/01/19 05:00,0,0,0,1
15/01/19 06:00,0,0,0,1
15/01/19 07:00,0,0,0,1
15/01/19 08:00,0,0,0,1
15/01/19 09:00,0,0,0,1
15/01/19 10:00,0,0,0,1
15/01/19 11:00,0,0,0,1
15/01/19 12:00,0,0,0,1
15/01/19 13:00,0,0,0,1
15/01/19 14:00,0,0,0,1
15/01/19 15:00,0,0,0,1
15/01/19 16:00,0,0,0,1
15/01/19 17:00,0,0,0,1
15/01/19 18:00,0,0,0,1
15/01/19 19:00,0,0,0,1
15/01/19 20:00,0,0,0,1
15/01/19 21:00,0,0,0,1
15/01/19 22:00,0,0,0,1
15/01/19 23:00,0,0,0,1
16/01/19 00:00,0,0,0,1
16/01/19 01:00,0,0,0,1
16/01/19 02:00,0,0,0,1
16/01/19 03:00,0,0,0,1
16/01/19 04:00,0,0,0,1
16/01/19 05:00,0,0,0,1
16/01/19 06:00,0,0,0,1
16/01/19 07:00,0,0,0,1
16/01/19 08:00,0,0,0,1
16/01/19 09:00,0,0,0,1
16/01/19 10:00,0,0,0,1
16/01/19 11:00,0,0,0,1
16/01/19 12:00,0,0,0,1
16/01/19 13:00,0,0,0,1
16/01/19 14:00,0,0,0,1
16/01/19 15:00,0,0,0,1
16/01/19 16:00,0,0,0,1
16/01/19 17:00,0,0,0,1
16/01/19 18:00,0,0,0,1
16/01/19 19:00,0,0,0,1
16/01/19 20:00,0,0,0,1
16/01/19 21:00,0,0,0,1
16/01/19 22:00,0,0,0,1
16/01/19 23:00,0,0,0,1
17/01/19 00:00,0,0,0,1
17/01/19 01:00,0,0,0,1
17/01/19 02:00,0,0,0,1
17/01/19 03:00,0,0,0,1
17/01/19 04:00,0,0,0,1
17/01/19 05:00,0,0,0,1
17/01/19 06:00,0,0,0,1
17/01/19 07:00,0,0,0,1
17/01/19 08:00,0,0,0,1
17/01/19 09:00,0,0,0,1
17/01/19 10:00,0,0,0,1
17/01/19 11:00,0,0,0,1
17/01/19 12:00,0,0,0,1
17/01/19 13:00,0,0,0,1
17/01/19 14:00,0,0,0,1
17/01/19 15:00,0,0,0,1
17/01/19 16:00,0,0,0,1
17/01/19 17:00,0,0,0,1
17/01/19 18:00,0,0,0,1
17/01/19 19:00,0,0,0,1
17/01/19 20:00,0,0,0,1
17/01/19 21:00,0,0,0,1
17/01/19 22:00,0,0,0,1
17/01/19 23:00,0,0,0,1
18/01/19 00:00,0,0,0,1
18/01/19 01:00,0,0,0,1
18/01/19 02:00,0,0,0,1
18/01/19 03:00,0,0,0,1
18/01/19 04:00,0,0,0,1
18/01/19 05:00,0,0,0,1
18/01/19 06:00,0,0,0,1
18/01/19 07:00,0,0,0,1
18/01/19 08:00,0,0,0,1
18/01/19 09:00,0,0,0,1
18/01/19 10:00,0,0,0,1
18/01/19 11:00,0,0,0,1
18/01/19 12:00,0,0,0,1
18/01/19 13:00,0,0,0,1
18/01/19 14:00,0,0,0,1
18/01/19 15:00,0,0,0,1
18/01/19 16:00,0,0,0,1
18/01/19 17:00,0,0,0,1
18/01/19 18:00,0,0,0,1
18/01/19 19:00,0,0,0,1
18/01/19 20:00,0,0,0,1
18/01/19 21:00,0,0,0,1
18/01/19 22:00,0,0,0,1
18/01/19 23:00,0,0,0,1
19/01/19 00:00,0,0,0,1
19/01/19 01:00,0,0,0,1
19/01/19 02:00,0,0,0,1
19/01/19 03:00,0,0,0,1
19/01/19 04:00,0,0,0,1
19/01/19 05:00,0,0,0,1
19/01/19 06:00,0,0,0,1
19/01/19 07:00,0,0,0,1
19/01/19 08:00,0,0,0,1
19/01/19 09:00,0,0,0,1
19/01/19 10:00,0,0,0,1
19/01/19 11:00,0,0,0,1
19/01/19 12:00,0,0,0,1
19/01/19 13:00,0,0,0,1
19/01/19 14:00,0,0,0,1
19/01/19 15:00,0,0,0,1
19/01/19 16:00,0,0,0,1
19/01/19 17:00,0,0,0,1
19/01/19 18:00,0,0,0,1
19/01/19 19:00,0,0,0,1
19/01/19 20:00,0,0,0,1
19/01/19 21:00,0,0,0,1
19/01/19 22:00,0,0,0,1
19/01/19 23:00,0,0,0,1
20/01/19 00:00,0,0,0,1
20/01/19 01:00,0,0,0,1
20/01/19 02:00,0,0,0,1
20/01/19 03:00,0,0,0,1
20/01/19 04:00,0,0,0,1
20/01/19 05:00,0,0,0,1
20/01/19 06:00,0,0,0,1
20/01/19 07:00,0,0,0,1
20/01/19 08:00,0,0,0,1
20/01/19 09:00,0,0,0,1
20/01/19 10:00,0,0,0,1
20/01/19 11:00,0,0,0,1
20/01/19 12:00,0,0,0,1
20/01/19 13:00,0,0,0,1
20/01/19 14:00,0,0,0,1
20/01/19 15:00,0,0,0,1
20/01/19 16:00,0,0,0,1
20/01/19 17:00,0,0,0,1
20/01/19 18:00,0,0,0,1
20/01/19 19:00,0,0,0,1
20/01/19 20:00,0,0,0,1
20/01/19 21:00,0,0,0,1
20/01/19 22:00,0,0,0,1
20/01/19 23:00,0,0,0,1
21/01/19 00:00,0,0,0,1
21/01/19 01:00,0,0,0,1
21/01/19 02:00,0,0,0,1
21/01/19 03:00,0,0,0,1
21/01/19 04:00,0,0,0,1
21/01/19 05:00,0,0,0,1
21/01/19 06:00,0,0,0,1
21/01/19 07:00,0,0,0,1
21/01/19 08:00,0,0,0,1
21/01/19 09:00,0,0,0,1
21/01/19 10:00,0,0,0,1
21/01/19 11:00,0,0,0,1
21/01/19 12:00,0,0,0,1
21/01/19 13:00,0,0,0,1
21/01/19 14:00,0,0,0,1
21/01/19 15:00,0,0,0,1
21/01/19 16:00,0,0,0,1
21/01/19 17:00,0,0,0,1
21/01/19 18:00,0,0,0,1
21/01/19 19:00,0,0,0,1
21/01/19 20:00,0,0,0,1
21/01/19 21:00,0,0,0,1
21/01/19 22:00,0,0,0,1
21/01/19 23:00,0,0,0,1
22/01/19 00:00,0,0,0,1
22/01/19 01:00,0,0,0,1
22/01/19 02:00,0,0,0,1
22/01/19 03:00,0,0,0,1
22/01/19 04:00,0,0,0,1
22/01/19 05:00,0,0,0,1
22/01/19 06:00,0,0,0,1
22/01/19 07:00,0,0,0,1
22/01/19 08:00,0,0,0,1
22/01/19 09:00,0,0,0,1
22/01/19 10:00,0,0,0,1
22/01/19 11:00,0,0,0,1
22/01/19 12:00,0,0,0,1
22/01/19 13:00,0,0,0,1
22/01/19 14:00,0,0,0,1
22/01/19 15:00,0,0,0,1
22/01/19 16:00,0,0,0,1
22/01/19 17:00,0,0,0,1
22/01/19 18:00,0,0,0,1
22/01/19 19:00,0,0,0,1
22/01/19 20:00,0,0,0,1
22/01/19 21:00,0,0,0,1
22/01/19 22:00,0,0,0,1
22/01/19 23:00,0,0,0,1
23/01/19 00:00,0,0,0,1
23/01/19 01:00,0,0,0,1
23/01/19 02:00,0,0,0,1
23/01/19 03:00,0,0,0,1
23/01/19 04:00,0,0,0,1
23/01/19 05:00,0,0,0,1
23/01/19 06:00,0,0,0,1
23/01/19 07:00,0,0,0,1
23/01/19 08:00,0,0,0,1
23/01/19 09:00,0,0,0,1
23/01/19 10:00,0,0,0,1
23/01/19 11:00,0,0,0,1
23/01/19 12:00,0,0,0,1
23/01/19 13:00,0,0,0,1
23/01/19 14:00,0,0,0,1
23/01/19 15:00,0,0,0,1
23/01/19 16:00,0,0,0,1
23/01/19 18:00,0,0,0,1
23/01/19 19:00,0,0,0,1
23/01/19 20:00,0,0,0,1
23/01/19 21:00,0,0,0,1
23/01/19 22:00,0,0,0,1
23/01/19 23:00,0,0,0,1
24/01/19 00:00,0,0,0,1
24/01/19 11:00,0,0,0,1
24/01/19 12:00,0,0,0,1
24/01/19 13:00,0,0,0,1
24/01/19 14:00,0,0,0,1
24/01/19 15:00,0,0,0,1
24/01/19 16:00,0,0,0,1
24/01/19 17:00,0,0,0,1
24/01/19 18:00,0,0,0,1
24/01/19 19:00,0,0,0,1
24/01/19 20:00,0,0,0,1
24/01/19 21:00,0,0,0,1
24/01/19 22:00,0,0,0,1
24/01/19 23:00,0,0,0,1
25/01/19 00:00,0,0,0,1
25/01/19 01:00,0,0,0,1
25/01/19 02:00,0,0,0,1
25/01/19 03:00,0,0,0,1
25/01/19 04:00,0,0,0,1
25/01/19 05:00,0,0,0,1
25/01/19 06:00,0,0,0,1
25/01/19 07:00,0,0,0,1
25/01/19 08:00,0,0,0,1
25/01/19 09:00,0,0,0,1
25/01/19 10:00,0,0,0,1
25/01/19 11:00,0,0,0,1
25/01/19 12:00,0,0,0,1
25/01/19 13:00,0,0,0,1
25/01/19 14:00,0,0,0,1
25/01/19 15:00,0,0,0,1
25/01/19 16:00,0,0,0,1
25/01/19 17:00,0,0,0,1
25/01/19 18:00,0,0,0,1
25/01/19 19:00,0,0,0,1
25/01/19 20:00,0,0,0,1
29/01/19 22:00,0,0,0,1
29/01/19 23:00,0,0,0,1
30/01/19 00:00,0,0,0,1
30/01/19 01:00,0,0,0,1
30/01/19 02:00,0,0,0,1
30/01/19 03:00,0,0,0,1
30/01/19 04:00,0,0,0,1
30/01/19 05:00,0,0,0,1
30/01/19 06:00,0,0,0,1
30/01/19 07:00,0,0,0,1
30/01/19 08:00,0,0,0,1
30/01/19 09:00,0,0,0,1
30/01/19 10:00,0,0,0,1
30/01/19 11:00,0,0,0,1
30/01/19 12:00,0,0,0,1
30/01/19 13:00,0,0,0,1
30/01/19 14:00,0,0,0,1
30/01/19 15:00,0,0,0,1
30/01/19 16:00,0,0,0,1
30/01/19 17:00,0,0,0,1
30/01/19 18:00,0,0,0,1
30/01/19 19:00,0,0,0,1
30/01/19 20:00,0,0,0,1
30/01/19 21:00,0,0,0,1
30/01/19 22:00,0,0,0,1
30/01/19 23:00,0,0,0,1
31/01/19 00:00,0,0,0,1
31/01/19 01:00,0,0,0,1
31/01/19 02:00,0,0,0,1
31/01/19 03:00,0,0,0,1
31/01/19 04:00,0,0,0,1
31/01/19 05:00,0,0,0,1
31/01/19 06:00,0,0,0,1
31/01/19 07:00,0,0,0,1
31/01/19 08:00,0,0,0,1
31/01/19 09:00,0,0,0,1
31/01/19 10:00,0,0,0,1
31/01/19 11:00,0,0,0,1
31/01/19 12:00,0,0,0,1
