Time,Fe,C,S,CaO
18/10/18 01:00,0.2558,0.46365,0.00545,0.05015
18/10/18 02:00,0.2558,0.46365,0.00545,0.05015
18/10/18 03:00,0.2558,0.46365,0.00545,0.05015
18/10/18 04:00,0.2558,0.46365,0.00545,0.05015
18/10/18 05:00,0.2558,0.46365,0.00545,0.05015
18/10/18 06:00,0.2558,0.46365,0.00545,0.05015
18/10/18 07:00,0.2558,0.46365,0.00545,0.05015
18/10/18 08:00,0.2558,0.46365,0.00545,0.05015
23/10/18 03:00,0.3504,0.4378,0.00485,0.04108
23/10/18 04:00,0.3504,0.4378,0.00485,0.04108
23/10/18 05:00,0.3504,0.4378,0.00485,0.04108
23/10/18 06:00,0.3504,0.4378,0.00485,0.04108
23/10/18 07:00,0.3504,0.4378,0.00485,0.04108
23/10/18 08:00,0.3504,0.4378,0.00485,0.04108
23/10/18 09:00,0.3504,0.4378,0.00485,0.04108
23/10/18 10:00,0.3504,0.4378,0.00485,0.04108
23/10/18 11:00,0.3504,0.4378,0.00485,0.04108
23/10/18 12:00,0.3504,0.4378,0.00485,0.04108
23/10/18 13:00,0.3504,0.4378,0.00485,0.04108
23/10/18 14:00,0.3504,0.4378,0.00485,0.04108
23/10/18 15:00,0.3504,0.4378,0.00485,0.04108
23/10/18 16:00,0.3504,0.4378,0.00485,0.04108
23/10/18 17:00,0.3504,0.4378,0.00485,0.04108
23/10/18 18:00,0.3504,0.4378,0.00485,0.04108
23/10/18 19:00,0.3504,0.4378,0.00485,0.04108
23/10/18 20:00,0.3504,0.4378,0.00485,0.04108
23/10/18 21:00,0.3504,0.4378,0.00485,0.04108
23/10/18 22:00,0.3504,0.4378,0.00485,0.04108
23/10/18 23:00,0.3504,0.4378,0.00485,0.04108
24/10/18 00:00,0.262,0.4788,0.00483,0.05568
24/10/18 01:00,0.262,0.4788,0.00483,0.05568
24/10/18 02:00,0.262,0.4788,0.00483,0.05568
24/10/18 03:00,0.262,0.4788,0.00483,0.05568
24/10/18 04:00,0.262,0.4788,0.00483,0.05568
24/10/18 05:00,0.262,0.4788,0.00483,0.05568
24/10/18 06:00,0.262,0.4788,0.00483,0.05568
24/10/18 07:00,0.262,0.4788,0.00483,0.05568
24/10/18 08:00,0.262,0.4788,0.00483,0.05568
24/10/18 09:00,0.262,0.4788,0.00483,0.05568
24/10/18 10:00,0.262,0.4788,0.00483,0.05568
24/10/18 11:00,0.262,0.4788,0.00483,0.05568
24/10/18 12:00,0.262,0.4788,0.00483,0.05568
24/10/18 13:00,0.262,0.4788,0.00483,0.05568
24/10/18 14:00,0.262,0.4788,0.00483,0.05568
24/10/18 15:00,0.262,0.4788,0.00483,0.05568
24/10/18 16:00,0.262,0.4788,0.00483,0.05568
24/10/18 17:00,0.262,0.4788,0.00483,0.05568
24/10/18 18:00,0.262,0.4788,0.00483,0.05568
24/10/18 19:00,0.262,0.4788,0.00483,0.05568
24/10/18 20:00,0.262,0.4788,0.00483,0.05568
24/10/18 21:00,0.262,0.4788,0.00483,0.05568
24/10/18 22:00,0.262,0.4788,0.00483,0.05568
24/10/18 23:00,0.262,0.4788,0.00483,0.05568
25/10/18 00:00,0.126,0.7418,0.00763,0.02862
25/10/18 01:00,0.126,0.7418,0.00763,0.02862
25/10/18 02:00,0.126,0.7418,0.00763,0.02862
25/10/18 03:00,0.126,0.7418,0.00763,0.02862
25/10/18 04:00,0.126,0.7418,0.00763,0.02862
25/10/18 05:00,0.126,0.7418,0.00763,0.02862
25/10/18 06:00,0.126,0.7418,0.00763,0.02862
25/10/18 07:00,0.126,0.7418,0.00763,0.02862
25/10/18 08:00,0.126,0.7418,0.00763,0.02862
25/10/18 09:00,0.126,0.7418,0.00763,0.02862
25/10/18 10:00,0.126,0.7418,0.00763,0.02862
25/10/18 11:00,0.126,0.7418,0.00763,0.02862
25/10/18 12:00,0.126,0.7418,0.00763,0.02862
25/10/18 13:00,0.126,0.7418,0.00763,0.02862
25/10/18 14:00,0.126,0.7418,0.00763,0.02862
25/10/18 15:00,0.126,0.7418,0.00763,0.02862
25/10/18 16:00,0.126,0.7418,0.00763,0.02862
25/10/18 17:00,0.126,0.7418,0.00763,0.02862
25/10/18 18:00,0.126,0.7418,0.00763,0.02862
25/10/18 19:00,0.126,0.7418,0.00763,0.02862
25/10/18 20:00,0.126,0.7418,0.00763,0.02862
25/10/18 21:00,0.126,0.7418,0.00763,0.02862
25/10/18 22:00,0.126,0.7418,0.00763,0.02862
25/10/18 23:00,0.126,0.7418,0.00763,0.02862
26/10/18 00:00,0.2009,0.5259,0.00436,0.05419
26/10/18 01:00,0.2009,0.5259,0.00436,0.05419
26/10/18 02:00,0.2009,0.5259,0.00436,0.05419
26/10/18 03:00,0.2009,0.5259,0.00436,0.05419
26/10/18 04:00,0.2009,0.5259,0.00436,0.05419
26/10/18 05:00,0.2009,0.5259,0.00436,0.05419
26/10/18 06:00,0.2009,0.5259,0.00436,0.05419
26/10/18 07:00,0.2009,0.5259,0.00436,0.05419
26/10/18 08:00,0.2009,0.5259,0.00436,0.05419
26/10/18 09:00,0.2009,0.5259,0.00436,0.05419
26/10/18 10:00,0.2009,0.5259,0.00436,0.05419
26/10/18 11:00,0.2009,0.5259,0.00436,0.05419
26/10/18 12:00,0.2009,0.5259,0.00436,0.05419
26/10/18 13:00,0.2009,0.5259,0.00436,0.05419
26/10/18 14:00,0.2009,0.5259,0.00436,0.05419
26/10/18 15:00,0.2009,0.5259,0.00436,0.05419
26/10/18 16:00,0.2009,0.5259,0.00436,0.05419
26/10/18 17:00,0.2009,0.5259,0.00436,0.05419
26/10/18 18:00,0.2009,0.5259,0.00436,0.05419
26/10/18 19:00,0.2009,0.5259,0.00436,0.05419
26/10/18 20:00,0.2009,0.5259,0.00436,0.05419
26/10/18 21:00,0.2009,0.5259,0.00436,0.05419
26/10/18 22:00,0.2009,0.5259,0.00436,0.05419
26/10/18 23:00,0.2009,0.5259,0.00436,0.05419
27/10/18 00:00,0.225,0.5614,0.00589,0.07335
27/10/18 01:00,0.225,0.5614,0.00589,0.07335
27/10/18 02:00,0.225,0.5614,0.00589,0.07335
27/10/18 03:00,0.225,0.5614,0.00589,0.07335
27/10/18 04:00,0.225,0.5614,0.00589,0.07335
27/10/18 05:00,0.225,0.5614,0.00589,0.07335
27/10/18 06:00,0.225,0.5614,0.00589,0.07335
27/10/18 07:00,0.225,0.5614,0.00589,0.07335
27/10/18 08:00,0.225,0.5614,0.00589,0.07335
27/10/18 09:00,0.225,0.5614,0.00589,0.07335
27/10/18 10:00,0.225,0.5614,0.00589,0.07335
27/10/18 11:00,0.225,0.5614,0.00589,0.07335
27/10/18 12:00,0.225,0.5614,0.00589,0.07335
27/10/18 13:00,0.225,0.5614,0.00589,0.07335
27/10/18 14:00,0.225,0.5614,0.00589,0.07335
27/10/18 15:00,0.225,0.5614,0.00589,0.07335
27/10/18 16:00,0.225,0.5614,0.00589,0.07335
27/10/18 17:00,0.225,0.5614,0.00589,0.07335
27/10/18 18:00,0.225,0.5614,0.00589,0.07335
27/10/18 19:00,0.225,0.5614,0.00589,0.07335
27/10/18 20:00,0.225,0.5614,0.00589,0.07335
27/10/18 21:00,0.225,0.5614,0.00589,0.07335
27/10/18 22:00,0.225,0.5614,0.00589,0.07335
27/10/18 23:00,0.225,0.5614,0.00589,0.07335
28/10/18 00:00,0.319,0.425,0.0046,0.05502
28/10/18 01:00,0.319,0.425,0.0046,0.05502
28/10/18 02:00,0.319,0.425,0.0046,0.05502
28/10/18 03:00,0.319,0.425,0.0046,0.05502
28/10/18 04:00,0.319,0.425,0.0046,0.05502
28/10/18 05:00,0.319,0.425,0.0046,0.05502
28/10/18 06:00,0.319,0.425,0.0046,0.05502
28/10/18 07:00,0.319,0.425,0.0046,0.05502
28/10/18 08:00,0.319,0.425,0.0046,0.05502
28/10/18 09:00,0.319,0.425,0.0046,0.05502
28/10/18 10:00,0.319,0.425,0.0046,0.05502
28/10/18 11:00,0.319,0.425,0.0046,0.05502
28/10/18 12:00,0.319,0.425,0.0046,0.05502
28/10/18 13:00,0.319,0.425,0.0046,0.05502
28/10/18 14:00,0.319,0.425,0.0046,0.05502
28/10/18 15:00,0.319,0.425,0.0046,0.05502
28/10/18 16:00,0.319,0.425,0.0046,0.05502
28/10/18 17:00,0.319,0.425,0.0046,0.05502
28/10/18 18:00,0.319,0.425,0.0046,0.05502
28/10/18 19:00,0.319,0.425,0.0046,0.05502
28/10/18 20:00,0.319,0.425,0.0046,0.05502
28/10/18 21:00,0.319,0.425,0.0046,0.05502
28/10/18 22:00,0.319,0.425,0.0046,0.05502
28/10/18 23:00,0.319,0.425,0.0046,0.05502
29/10/18 00:00,0.301,0.4063,0.00351,0.06564
29/10/18 01:00,0.301,0.4063,0.00351,0.06564
29/10/18 02:00,0.301,0.4063,0.00351,0.06564
29/10/18 03:00,0.301,0.4063,0.00351,0.06564
29/10/18 04:00,0.301,0.4063,0.00351,0.06564
29/10/18 05:00,0.301,0.4063,0.00351,0.06564
29/10/18 06:00,0.301,0.4063,0.00351,0.06564
29/10/18 07:00,0.301,0.4063,0.00351,0.06564
29/10/18 08:00,0.301,0.4063,0.00351,0.06564
29/10/18 09:00,0.301,0.4063,0.00351,0.06564
29/10/18 10:00,0.301,0.4063,0.00351,0.06564
29/10/18 11:00,0.301,0.4063,0.00351,0.06564
31/10/18 20:00,0.2558,0.46365,0.00545,0.05015
31/10/18 21:00,0.2558,0.46365,0.00545,0.05015
31/10/18 22:00,0.2558,0.46365,0.00545,0.05015
31/10/18 23:00,0.2558,0.46365,0.00545,0.05015
01/11/18 00:00,0.2,0.5655,0.00636,0.04534
01/11/18 01:00,0.2,0.5655,0.00636,0.04534
01/11/18 02:00,0.2,0.5655,0.00636,0.04534
01/11/18 03:00,0.2,0.5655,0.00636,0.04534
01/11/18 04:00,0.2,0.5655,0.00636,0.04534
01/11/18 05:00,0.2,0.5655,0.00636,0.04534
01/11/18 06:00,0.2,0.5655,0.00636,0.04534
01/11/18 07:00,0.2,0.5655,0.00636,0.04534
01/11/18 08:00,0.2,0.5655,0.00636,0.04534
01/11/18 09:00,0.2,0.5655,0.00636,0.04534
01/11/18 10:00,0.2,0.5655,0.00636,0.04534
01/11/18 11:00,0.2,0.5655,0.00636,0.04534
01/11/18 12:00,0.2,0.5655,0.00636,0.04534
01/11/18 14:00,0.2,0.5655,0.00636,0.04534
01/11/18 15:00,0.2,0.5655,0.00636,0.04534
01/11/18 16:00,0.2,0.5655,0.00636,0.04534
01/11/18 17:00,0.2,0.5655,0.00636,0.04534
01/11/18 18:00,0.2,0.5655,0.00636,0.04534
01/11/18 19:00,0.2,0.5655,0.00636,0.04534
01/11/18 20:00,0.2,0.5655,0.00636,0.04534
01/11/18 21:00,0.2,0.5655,0.00636,0.04534
01/11/18 22:00,0.2,0.5655,0.00636,0.04534
01/11/18 23:00,0.2,0.5655,0.00636,0.04534
02/11/18 00:00,0.2424,0.4788,0.00649,0.0463
02/11/18 01:00,0.2424,0.4788,0.00649,0.0463
02/11/18 02:00,0.2424,0.4788,0.00649,0.0463
02/11/18 03:00,0.2424,0.4788,0.00649,0.0463
02/11/18 04:00,0.2424,0.4788,0.00649,0.0463
02/11/18 05:00,0.2424,0.4788,0.00649,0.0463
02/11/18 06:00,0.2424,0.4788,0.00649,0.0463
02/11/18 07:00,0.2424,0.4788,0.00649,0.0463
02/11/18 08:00,0.2424,0.4788,0.00649,0.0463
02/11/18 09:00,0.2424,0.4788,0.00649,0.0463
02/11/18 10:00,0.2424,0.4788,0.00649,0.0463
02/11/18 11:00,0.2424,0.4788,0.00649,0.0463
02/11/18 12:00,0.2424,0.4788,0.00649,0.0463
02/11/18 13:00,0.2424,0.4788,0.00649,0.0463
02/11/18 14:00,0.2424,0.4788,0.00649,0.0463
06/11/18 04:00,0.341,0.2873,0.00456,0.03904
06/11/18 05:00,0.341,0.2873,0.00456,0.03904
06/11/18 06:00,0.341,0.2873,0.00456,0.03904
06/11/18 07:00,0.341,0.2873,0.00456,0.03904
06/11/18 08:00,0.341,0.2873,0.00456,0.03904
06/11/18 09:00,0.341,0.2873,0.00456,0.03904
06/11/18 10:00,0.341,0.2873,0.00456,0.03904
06/11/18 11:00,0.341,0.2873,0.00456,0.03904
06/11/18 12:00,0.341,0.2873,0.00456,0.03904
06/11/18 13:00,0.341,0.2873,0.00456,0.03904
06/11/18 14:00,0.341,0.2873,0.00456,0.03904
06/11/18 15:00,0.341,0.2873,0.00456,0.03904
06/11/18 17:00,0.341,0.2873,0.00456,0.03904
06/11/18 18:00,0.341,0.2873,0.00456,0.03904
06/11/18 19:00,0.341,0.2873,0.00456,0.03904
06/11/18 20:00,0.341,0.2873,0.00456,0.03904
06/11/18 21:00,0.341,0.2873,0.00456,0.03904
06/11/18 22:00,0.341,0.2873,0.00456,0.03904
07/11/18 08:00,0.2552,0.494,0.00571,0.04506
07/11/18 09:00,0.2552,0.494,0.00571,0.04506
07/11/18 10:00,0.2552,0.494,0.00571,0.04506
07/11/18 11:00,0.2552,0.494,0.00571,0.04506
07/11/18 12:00,0.2552,0.494,0.00571,0.04506
07/11/18 13:00,0.2552,0.494,0.00571,0.04506
07/11/18 14:00,0.2552,0.494,0.00571,0.04506
07/11/18 15:00,0.2552,0.494,0.00571,0.04506
07/11/18 16:00,0.2552,0.494,0.00571,0.04506
07/11/18 17:00,0.2552,0.494,0.00571,0.04506
07/11/18 18:00,0.2552,0.494,0.00571,0.04506
07/11/18 19:00,0.2552,0.494,0.00571,0.04506
08/11/18 03:00,0.2558,0.46365,0.00545,0.05015
08/11/18 04:00,0.2558,0.46365,0.00545,0.05015
10/11/18 17:00,0.2558,0.46365,0.00545,0.05015
10/11/18 18:00,0.2558,0.46365,0.00545,0.05015
10/11/18 19:00,0.2558,0.46365,0.00545,0.05015
10/11/18 20:00,0.2558,0.46365,0.00545,0.05015
10/11/18 21:00,0.2558,0.46365,0.00545,0.05015
10/11/18 22:00,0.2558,0.46365,0.00545,0.05015
10/11/18 23:00,0.2558,0.46365,0.00545,0.05015
11/11/18 00:00,0.234,0.4494,0.00629,0.04636
11/11/18 01:00,0.234,0.4494,0.00629,0.04636
11/11/18 02:00,0.234,0.4494,0.00629,0.04636
11/11/18 03:00,0.234,0.4494,0.00629,0.04636
11/11/18 04:00,0.234,0.4494,0.00629,0.04636
11/11/18 05:00,0.234,0.4494,0.00629,0.04636
11/11/18 06:00,0.234,0.4494,0.00629,0.04636
11/11/18 07:00,0.234,0.4494,0.00629,0.04636
11/11/18 08:00,0.234,0.4494,0.00629,0.04636
11/11/18 09:00,0.234,0.4494,0.00629,0.04636
11/11/18 10:00,0.234,0.4494,0.00629,0.04636
11/11/18 11:00,0.234,0.4494,0.00629,0.04636
11/11/18 12:00,0.234,0.4494,0.00629,0.04636
11/11/18 13:00,0.234,0.4494,0.00629,0.04636
11/11/18 14:00,0.234,0.4494,0.00629,0.04636
11/11/18 15:00,0.234,0.4494,0.00629,0.04636
11/11/18 16:00,0.234,0.4494,0.00629,0.04636
11/11/18 17:00,0.234,0.4494,0.00629,0.04636
11/11/18 18:00,0.234,0.4494,0.00629,0.04636
11/11/18 19:00,0.234,0.4494,0.00629,0.04636
11/11/18 20:00,0.234,0.4494,0.00629,0.04636
11/11/18 21:00,0.234,0.4494,0.00629,0.04636
11/11/18 22:00,0.234,0.4494,0.00629,0.04636
11/11/18 23:00,0.234,0.4494,0.00629,0.04636
12/11/18 00:00,0.319,0.3564,0.00482,0.05479
12/11/18 01:00,0.319,0.3564,0.00482,0.05479
12/11/18 02:00,0.319,0.3564,0.00482,0.05479
12/11/18 03:00,0.319,0.3564,0.00482,0.05479
12/11/18 04:00,0.319,0.3564,0.00482,0.05479
12/11/18 05:00,0.319,0.3564,0.00482,0.05479
12/11/18 06:00,0.319,0.3564,0.00482,0.05479
12/11/18 07:00,0.319,0.3564,0.00482,0.05479
12/11/18 08:00,0.319,0.3564,0.00482,0.05479
12/11/18 09:00,0.319,0.3564,0.00482,0.05479
12/11/18 10:00,0.319,0.3564,0.00482,0.05479
12/11/18 11:00,0.319,0.3564,0.00482,0.05479
12/11/18 12:00,0.319,0.3564,0.00482,0.05479
12/11/18 13:00,0.319,0.3564,0.00482,0.05479
12/11/18 14:00,0.319,0.3564,0.00482,0.05479
12/11/18 15:00,0.319,0.3564,0.00482,0.05479
12/11/18 16:00,0.319,0.3564,0.00482,0.05479
12/11/18 17:00,0.319,0.3564,0.00482,0.05479
12/11/18 18:00,0.319,0.3564,0.00482,0.05479
12/11/18 19:00,0.319,0.3564,0.00482,0.05479
12/11/18 20:00,0.319,0.3564,0.00482,0.05479
12/11/18 21:00,0.319,0.3564,0.00482,0.05479
12/11/18 22:00,0.319,0.3564,0.00482,0.05479
12/11/18 23:00,0.319,0.3564,0.00482,0.05479
13/11/18 00:00,0.224,0.4111,0.00606,0.06037
13/11/18 01:00,0.224,0.4111,0.00606,0.06037
13/11/18 02:00,0.224,0.4111,0.00606,0.06037
13/11/18 03:00,0.224,0.4111,0.00606,0.06037
13/11/18 04:00,0.224,0.4111,0.00606,0.06037
13/11/18 05:00,0.224,0.4111,0.00606,0.06037
13/11/18 06:00,0.224,0.4111,0.00606,0.06037
13/11/18 07:00,0.224,0.4111,0.00606,0.06037
13/11/18 08:00,0.224,0.4111,0.00606,0.06037
13/11/18 09:00,0.224,0.4111,0.00606,0.06037
13/11/18 10:00,0.224,0.4111,0.00606,0.06037
13/11/18 11:00,0.224,0.4111,0.00606,0.06037
13/11/18 12:00,0.224,0.4111,0.00606,0.06037
13/11/18 13:00,0.224,0.4111,0.00606,0.06037
13/11/18 14:00,0.224,0.4111,0.00606,0.06037
13/11/18 15:00,0.224,0.4111,0.00606,0.06037
13/11/18 16:00,0.224,0.4111,0.00606,0.06037
13/11/18 17:00,0.224,0.4111,0.00606,0.06037
13/11/18 18:00,0.224,0.4111,0.00606,0.06037
13/11/18 19:00,0.224,0.4111,0.00606,0.06037
13/11/18 20:00,0.224,0.4111,0.00606,0.06037
13/11/18 21:00,0.224,0.4111,0.00606,0.06037
13/11/18 22:00,0.224,0.4111,0.00606,0.06037
13/11/18 23:00,0.224,0.4111,0.00606,0.06037
14/11/18 00:00,0.3412,0.3829,0.00446,0.04858
14/11/18 01:00,0.3412,0.3829,0.00446,0.04858
14/11/18 02:00,0.3412,0.3829,0.00446,0.04858
14/11/18 03:00,0.3412,0.3829,0.00446,0.04858
14/11/18 04:00,0.3412,0.3829,0.00446,0.04858
14/11/18 05:00,0.3412,0.3829,0.00446,0.04858
14/11/18 06:00,0.3412,0.3829,0.00446,0.04858
14/11/18 07:00,0.3412,0.3829,0.00446,0.04858
14/11/18 08:00,0.3412,0.3829,0.00446,0.04858
14/11/18 09:00,0.3412,0.3829,0.00446,0.04858
14/11/18 10:00,0.3412,0.3829,0.00446,0.04858
14/11/18 11:00,0.3412,0.3829,0.00446,0.04858
14/11/18 12:00,0.3412,0.3829,0.00446,0.04858
14/11/18 13:00,0.3412,0.3829,0.00446,0.04858
14/11/18 14:00,0.3412,0.3829,0.00446,0.04858
14/11/18 15:00,0.3412,0.3829,0.00446,0.04858
14/11/18 16:00,0.3412,0.3829,0.00446,0.04858
14/11/18 17:00,0.3412,0.3829,0.00446,0.04858
14/11/18 18:00,0.3412,0.3829,0.00446,0.04858
14/11/18 19:00,0.3412,0.3829,0.00446,0.04858
14/11/18 20:00,0.3412,0.3829,0.00446,0.04858
14/11/18 21:00,0.3412,0.3829,0.00446,0.04858
14/11/18 22:00,0.3412,0.3829,0.00446,0.04858
14/11/18 23:00,0.3412,0.3829,0.00446,0.04858
15/11/18 01:00,0.251,0.5692,0.00541,0.05235
15/11/18 02:00,0.251,0.5692,0.00541,0.05235
15/11/18 03:00,0.251,0.5692,0.00541,0.05235
15/11/18 04:00,0.251,0.5692,0.00541,0.05235
15/11/18 05:00,0.251,0.5692,0.00541,0.05235
15/11/18 06:00,0.251,0.5692,0.00541,0.05235
15/11/18 07:00,0.251,0.5692,0.00541,0.05235
15/11/18 08:00,0.251,0.5692,0.00541,0.05235
15/11/18 09:00,0.251,0.5692,0.00541,0.05235
15/11/18 10:00,0.251,0.5692,0.00541,0.05235
15/11/18 11:00,0.251,0.5692,0.00541,0.05235
15/11/18 12:00,0.251,0.5692,0.00541,0.05235
15/11/18 13:00,0.251,0.5692,0.00541,0.05235
15/11/18 14:00,0.251,0.5692,0.00541,0.05235
15/11/18 15:00,0.251,0.5692,0.00541,0.05235
15/11/18 16:00,0.251,0.5692,0.00541,0.05235
15/11/18 17:00,0.251,0.5692,0.00541,0.05235
15/11/18 18:00,0.251,0.5692,0.00541,0.05235
15/11/18 19:00,0.251,0.5692,0.00541,0.05235
15/11/18 20:00,0.251,0.5692,0.00541,0.05235
15/11/18 21:00,0.251,0.5692,0.00541,0.05235
15/11/18 22:00,0.251,0.5692,0.00541,0.05235
15/11/18 23:00,0.251,0.5692,0.00541,0.05235
16/11/18 00:00,0.2558,0.46365,0.00545,0.05015
16/11/18 01:00,0.2558,0.46365,0.00545,0.05015
16/11/18 02:00,0.2558,0.46365,0.00545,0.05015
16/11/18 03:00,0.2558,0.46365,0.00545,0.05015
16/11/18 04:00,0.2558,0.46365,0.00545,0.05015
16/11/18 05:00,0.2558,0.46365,0.00545,0.05015
16/11/18 06:00,0.2558,0.46365,0.00545,0.05015
16/11/18 07:00,0.2558,0.46365,0.00545,0.05015
16/11/18 08:00,0.2558,0.46365,0.00545,0.05015
16/11/18 09:00,0.2558,0.46365,0.00545,0.05015
16/11/18 16:00,0.2558,0.46365,0.00545,0.05015
16/11/18 17:00,0.2558,0.46365,0.00545,0.05015
16/11/18 18:00,0.2558,0.46365,0.00545,0.05015
16/11/18 19:00,0.2558,0.46365,0.00545,0.05015
16/11/18 20:00,0.2558,0.46365,0.00545,0.05015
16/11/18 21:00,0.2558,0.46365,0.00545,0.05015
16/11/18 22:00,0.2558,0.46365,0.00545,0.05015
16/11/18 23:00,0.2558,0.46365,0.00545,0.05015
17/11/18 01:00,0.212,0.5319,0.00541,0.04067
17/11/18 02:00,0.212,0.5319,0.00541,0.04067
17/11/18 03:00,0.212,0.5319,0.00541,0.04067
17/11/18 04:00,0.212,0.5319,0.00541,0.04067
17/11/18 05:00,0.212,0.5319,0.00541,0.04067
17/11/18 06:00,0.212,0.5319,0.00541,0.04067
17/11/18 07:00,0.212,0.5319,0.00541,0.04067
17/11/18 08:00,0.212,0.5319,0.00541,0.04067
17/11/18 09:00,0.212,0.5319,0.00541,0.04067
17/11/18 10:00,0.212,0.5319,0.00541,0.04067
17/11/18 11:00,0.212,0.5319,0.00541,0.04067
17/11/18 12:00,0.212,0.5319,0.00541,0.04067
17/11/18 13:00,0.212,0.5319,0.00541,0.04067
17/11/18 14:00,0.212,0.5319,0.00541,0.04067
17/11/18 15:00,0.212,0.5319,0.00541,0.04067
17/11/18 16:00,0.212,0.5319,0.00541,0.04067
17/11/18 17:00,0.212,0.5319,0.00541,0.04067
17/11/18 18:00,0.212,0.5319,0.00541,0.04067
17/11/18 19:00,0.212,0.5319,0.00541,0.04067
17/11/18 20:00,0.212,0.5319,0.00541,0.04067
17/11/18 21:00,0.212,0.5319,0.00541,0.04067
17/11/18 22:00,0.212,0.5319,0.00541,0.04067
17/11/18 23:00,0.212,0.5319,0.00541,0.04067
18/11/18 00:00,0.298,0.4103,0.00405,0.03669
18/11/18 01:00,0.298,0.4103,0.00405,0.03669
18/11/18 02:00,0.298,0.4103,0.00405,0.03669
18/11/18 03:00,0.298,0.4103,0.00405,0.03669
21/11/18 18:00,0.2558,0.46365,0.00545,0.05015
21/11/18 19:00,0.2558,0.46365,0.00545,0.05015
21/11/18 20:00,0.2558,0.46365,0.00545,0.05015
21/11/18 21:00,0.2558,0.46365,0.00545,0.05015
21/11/18 22:00,0.2558,0.46365,0.00545,0.05015
21/11/18 23:00,0.2558,0.46365,0.00545,0.05015
22/11/18 00:00,0.287,0.4966,0.00509,0.04113
22/11/18 01:00,0.287,0.4966,0.00509,0.04113
22/11/18 02:00,0.287,0.4966,0.00509,0.04113
22/11/18 03:00,0.287,0.4966,0.00509,0.04113
22/11/18 04:00,0.287,0.4966,0.00509,0.04113
22/11/18 05:00,0.287,0.4966,0.00509,0.04113
22/11/18 06:00,0.287,0.4966,0.00509,0.04113
22/11/18 07:00,0.287,0.4966,0.00509,0.04113
22/11/18 08:00,0.287,0.4966,0.00509,0.04113
22/11/18 09:00,0.287,0.4966,0.00509,0.04113
22/11/18 10:00,0.287,0.4966,0.00509,0.04113
22/11/18 11:00,0.287,0.4966,0.00509,0.04113
22/11/18 12:00,0.287,0.4966,0.00509,0.04113
22/11/18 13:00,0.287,0.4966,0.00509,0.04113
22/11/18 14:00,0.287,0.4966,0.00509,0.04113
22/11/18 15:00,0.287,0.4966,0.00509,0.04113
22/11/18 16:00,0.287,0.4966,0.00509,0.04113
22/11/18 17:00,0.287,0.4966,0.00509,0.04113
22/11/18 18:00,0.287,0.4966,0.00509,0.04113
22/11/18 19:00,0.287,0.4966,0.00509,0.04113
22/11/18 20:00,0.287,0.4966,0.00509,0.04113
22/11/18 21:00,0.287,0.4966,0.00509,0.04113
22/11/18 22:00,0.287,0.4966,0.00509,0.04113
22/11/18 23:00,0.287,0.4966,0.00509,0.04113
23/11/18 00:00,0.2136,0.49885,0.00469,0.04744
23/11/18 01:00,0.2136,0.49885,0.00469,0.04744
23/11/18 02:00,0.2136,0.49885,0.00469,0.04744
23/11/18 03:00,0.2136,0.49885,0.00469,0.04744
23/11/18 04:00,0.2136,0.49885,0.00469,0.04744
23/11/18 05:00,0.2136,0.49885,0.00469,0.04744
23/11/18 06:00,0.2136,0.49885,0.00469,0.04744
23/11/18 07:00,0.2136,0.49885,0.00469,0.04744
23/11/18 08:00,0.2136,0.49885,0.00469,0.04744
23/11/18 09:00,0.2136,0.49885,0.00469,0.04744
23/11/18 10:00,0.2136,0.49885,0.00469,0.04744
23/11/18 11:00,0.2136,0.49885,0.00469,0.04744
23/11/18 12:00,0.2136,0.49885,0.00469,0.04744
23/11/18 13:00,0.2136,0.49885,0.00469,0.04744
23/11/18 14:00,0.2136,0.49885,0.00469,0.04744
23/11/18 15:00,0.2136,0.49885,0.00469,0.04744
23/11/18 16:00,0.2136,0.49885,0.00469,0.04744
23/11/18 17:00,0.2136,0.49885,0.00469,0.04744
23/11/18 18:00,0.2136,0.49885,0.00469,0.04744
23/11/18 19:00,0.2136,0.49885,0.00469,0.04744
23/11/18 20:00,0.2136,0.49885,0.00469,0.04744
23/11/18 21:00,0.2136,0.49885,0.00469,0.04744
23/11/18 22:00,0.2136,0.49885,0.00469,0.04744
23/11/18 23:00,0.2136,0.49885,0.00469,0.04744
24/11/18 00:00,0.218,0.5625,0.00518,0.04341
24/11/18 01:00,0.218,0.5625,0.00518,0.04341
24/11/18 02:00,0.218,0.5625,0.00518,0.04341
24/11/18 03:00,0.218,0.5625,0.00518,0.04341
24/11/18 04:00,0.218,0.5625,0.00518,0.04341
24/11/18 05:00,0.218,0.5625,0.00518,0.04341
24/11/18 06:00,0.218,0.5625,0.00518,0.04341
24/11/18 07:00,0.218,0.5625,0.00518,0.04341
24/11/18 08:00,0.218,0.5625,0.00518,0.04341
24/11/18 09:00,0.218,0.5625,0.00518,0.04341
24/11/18 10:00,0.218,0.5625,0.00518,0.04341
24/11/18 11:00,0.218,0.5625,0.00518,0.04341
24/11/18 12:00,0.218,0.5625,0.00518,0.04341
24/11/18 13:00,0.218,0.5625,0.00518,0.04341
24/11/18 14:00,0.218,0.5625,0.00518,0.04341
24/11/18 15:00,0.218,0.5625,0.00518,0.04341
24/11/18 16:00,0.218,0.5625,0.00518,0.04341
24/11/18 17:00,0.218,0.5625,0.00518,0.04341
24/11/18 18:00,0.218,0.5625,0.00518,0.04341
24/11/18 19:00,0.218,0.5625,0.00518,0.04341
24/11/18 20:00,0.218,0.5625,0.00518,0.04341
24/11/18 21:00,0.218,0.5625,0.00518,0.04341
24/11/18 22:00,0.218,0.5625,0.00518,0.04341
24/11/18 23:00,0.218,0.5625,0.00518,0.04341
25/11/18 00:00,0.183,0.5672,0.00599,0.04663
25/11/18 01:00,0.183,0.5672,0.00599,0.04663
25/11/18 02:00,0.183,0.5672,0.00599,0.04663
25/11/18 03:00,0.183,0.5672,0.00599,0.04663
25/11/18 04:00,0.183,0.5672,0.00599,0.04663
25/11/18 05:00,0.183,0.5672,0.00599,0.04663
25/11/18 06:00,0.183,0.5672,0.00599,0.04663
25/11/18 07:00,0.183,0.5672,0.00599,0.04663
25/11/18 08:00,0.183,0.5672,0.00599,0.04663
25/11/18 09:00,0.183,0.5672,0.00599,0.04663
25/11/18 10:00,0.183,0.5672,0.00599,0.04663
25/11/18 11:00,0.183,0.5672,0.00599,0.04663
25/11/18 12:00,0.183,0.5672,0.00599,0.04663
25/11/18 13:00,0.183,0.5672,0.00599,0.04663
25/11/18 14:00,0.183,0.5672,0.00599,0.04663
25/11/18 15:00,0.183,0.5672,0.00599,0.04663
25/11/18 16:00,0.183,0.5672,0.00599,0.04663
25/11/18 17:00,0.183,0.5672,0.00599,0.04663
25/11/18 18:00,0.183,0.5672,0.00599,0.04663
25/11/18 19:00,0.183,0.5672,0.00599,0.04663
25/11/18 20:00,0.183,0.5672,0.00599,0.04663
25/11/18 21:00,0.183,0.5672,0.00599,0.04663
25/11/18 22:00,0.183,0.5672,0.00599,0.04663
25/11/18 23:00,0.183,0.5672,0.00599,0.04663
26/11/18 00:00,0.2009,0.4291,0.00561,0.06254
26/11/18 01:00,0.2009,0.4291,0.00561,0.06254
26/11/18 02:00,0.2009,0.4291,0.00561,0.06254
26/11/18 03:00,0.2009,0.4291,0.00561,0.06254
26/11/18 04:00,0.2009,0.4291,0.00561,0.06254
26/11/18 05:00,0.2009,0.4291,0.00561,0.06254
26/11/18 06:00,0.2009,0.4291,0.00561,0.06254
26/11/18 07:00,0.2009,0.4291,0.00561,0.06254
26/11/18 08:00,0.2009,0.4291,0.00561,0.06254
26/11/18 09:00,0.2009,0.4291,0.00561,0.06254
26/11/18 10:00,0.2009,0.4291,0.00561,0.06254
26/11/18 11:00,0.2009,0.4291,0.00561,0.06254
26/11/18 12:00,0.2009,0.4291,0.00561,0.06254
26/11/18 13:00,0.2009,0.4291,0.00561,0.06254
26/11/18 14:00,0.2009,0.4291,0.00561,0.06254
29/11/18 19:00,0.2558,0.46365,0.00545,0.05015
29/11/18 20:00,0.2558,0.46365,0.00545,0.05015
29/11/18 21:00,0.2558,0.46365,0.00545,0.05015
29/11/18 22:00,0.2558,0.46365,0.00545,0.05015
29/11/18 23:00,0.2558,0.46365,0.00545,0.05015
30/11/18 00:00,0.228,0.5498,0.00586,0.03749
30/11/18 01:00,0.228,0.5498,0.00586,0.03749
30/11/18 02:00,0.228,0.5498,0.00586,0.03749
30/11/18 03:00,0.228,0.5498,0.00586,0.03749
30/11/18 04:00,0.228,0.5498,0.00586,0.03749
30/11/18 05:00,0.228,0.5498,0.00586,0.03749
30/11/18 06:00,0.228,0.5498,0.00586,0.03749
30/11/18 07:00,0.228,0.5498,0.00586,0.03749
30/11/18 08:00,0.228,0.5498,0.00586,0.03749
30/11/18 09:00,0.228,0.5498,0.00586,0.03749
30/11/18 10:00,0.228,0.5498,0.00586,0.03749
30/11/18 11:00,0.228,0.5498,0.00586,0.03749
30/11/18 12:00,0.228,0.5498,0.00586,0.03749
30/11/18 13:00,0.228,0.5498,0.00586,0.03749
30/11/18 14:00,0.228,0.5498,0.00586,0.03749
30/11/18 15:00,0.228,0.5498,0.00586,0.03749
30/11/18 16:00,0.228,0.5498,0.00586,0.03749
30/11/18 17:00,0.228,0.5498,0.00586,0.03749
30/11/18 18:00,0.228,0.5498,0.00586,0.03749
30/11/18 19:00,0.228,0.5498,0.00586,0.03749
30/11/18 20:00,0.228,0.5498,0.00586,0.03749
30/11/18 23:00,0.228,0.5498,0.00586,0.03749
01/12/18 00:00,0.2558,0.46365,0.00545,0.05015
01/12/18 01:00,0.2558,0.46365,0.00545,0.05015
01/12/18 02:00,0.2558,0.46365,0.00545,0.05015
01/12/18 03:00,0.2558,0.46365,0.00545,0.05015
01/12/18 04:00,0.2558,0.46365,0.00545,0.05015
01/12/18 05:00,0.2558,0.46365,0.00545,0.05015
01/12/18 06:00,0.2558,0.46365,0.00545,0.05015
01/12/18 07:00,0.2558,0.46365,0.00545,0.05015
01/12/18 08:00,0.2558,0.46365,0.00545,0.05015
01/12/18 09:00,0.2558,0.46365,0.00545,0.05015
01/12/18 10:00,0.2558,0.46365,0.00545,0.05015
01/12/18 11:00,0.2558,0.46365,0.00545,0.05015
01/12/18 12:00,0.2558,0.46365,0.00545,0.05015
01/12/18 13:00,0.2558,0.46365,0.00545,0.05015
01/12/18 14:00,0.2558,0.46365,0.00545,0.05015
01/12/18 15:00,0.2558,0.46365,0.00545,0.05015
01/12/18 16:00,0.2558,0.46365,0.00545,0.05015
01/12/18 17:00,0.2558,0.46365,0.00545,0.05015
01/12/18 18:00,0.2558,0.46365,0.00545,0.05015
01/12/18 19:00,0.2558,0.46365,0.00545,0.05015
01/12/18 20:00,0.2558,0.46365,0.00545,0.05015
01/12/18 21:00,0.2558,0.46365,0.00545,0.05015
01/12/18 22:00,0.2558,0.46365,0.00545,0.05015
01/12/18 23:00,0.2558,0.46365,0.00545,0.05015
02/12/18 00:00,0.199,0.532,0.00552,0.03884
02/12/18 01:00,0.199,0.532,0.00552,0.03884
02/12/18 02:00,0.199,0.532,0.00552,0.03884
02/12/18 03:00,0.199,0.532,0.00552,0.03884
02/12/18 04:00,0.199,0.532,0.00552,0.03884
02/12/18 05:00,0.199,0.532,0.00552,0.03884
02/12/18 06:00,0.199,0.532,0.00552,0.03884
02/12/18 07:00,0.199,0.532,0.00552,0.03884
02/12/18 08:00,0.199,0.532,0.00552,0.03884
02/12/18 09:00,0.199,0.532,0.00552,0.03884
02/12/18 10:00,0.199,0.532,0.00552,0.03884
02/12/18 11:00,0.199,0.532,0.00552,0.03884
02/12/18 12:00,0.199,0.532,0.00552,0.03884
02/12/18 13:00,0.199,0.532,0.00552,0.03884
02/12/18 14:00,0.199,0.532,0.00552,0.03884
02/12/18 15:00,0.199,0.532,0.00552,0.03884
02/12/18 16:00,0.199,0.532,0.00552,0.03884
02/12/18 17:00,0.199,0.532,0.00552,0.03884
02/12/18 18:00,0.199,0.532,0.00552,0.03884
02/12/18 19:00,0.199,0.532,0.00552,0.03884
02/12/18 20:00,0.199,0.532,0.00552,0.03884
02/12/18 21:00,0.199,0.532,0.00552,0.03884
02/12/18 22:00,0.199,0.532,0.00552,0.03884
02/12/18 23:00,0.199,0.532,0.00552,0.03884
03/12/18 00:00,0.23,0.453,0.00448,0.04455
03/12/18 01:00,0.23,0.453,0.00448,0.04455
03/12/18 02:00,0.23,0.453,0.00448,0.04455
03/12/18 03:00,0.23,0.453,0.00448,0.04455
03/12/18 04:00,0.23,0.453,0.00448,0.04455
03/12/18 05:00,0.23,0.453,0.00448,0.04455
03/12/18 06:00,0.23,0.453,0.00448,0.04455
03/12/18 07:00,0.23,0.453,0.00448,0.04455
03/12/18 08:00,0.23,0.453,0.00448,0.04455
03/12/18 09:00,0.23,0.453,0.00448,0.04455
03/12/18 10:00,0.23,0.453,0.00448,0.04455
03/12/18 11:00,0.23,0.453,0.00448,0.04455
03/12/18 12:00,0.23,0.453,0.00448,0.04455
03/12/18 13:00,0.23,0.453,0.00448,0.04455
03/12/18 14:00,0.23,0.453,0.00448,0.04455
04/12/18 08:00,0.236,0.4691,0.00653,0.05856
04/12/18 09:00,0.236,0.4691,0.00653,0.05856
04/12/18 10:00,0.236,0.4691,0.00653,0.05856
04/12/18 11:00,0.236,0.4691,0.00653,0.05856
04/12/18 12:00,0.236,0.4691,0.00653,0.05856
04/12/18 13:00,0.236,0.4691,0.00653,0.05856
04/12/18 14:00,0.236,0.4691,0.00653,0.05856
04/12/18 15:00,0.236,0.4691,0.00653,0.05856
04/12/18 16:00,0.236,0.4691,0.00653,0.05856
04/12/18 17:00,0.236,0.4691,0.00653,0.05856
04/12/18 18:00,0.236,0.4691,0.00653,0.05856
04/12/18 19:00,0.236,0.4691,0.00653,0.05856
04/12/18 20:00,0.236,0.4691,0.00653,0.05856
04/12/18 21:00,0.236,0.4691,0.00653,0.05856
04/12/18 22:00,0.236,0.4691,0.00653,0.05856
04/12/18 23:00,0.236,0.4691,0.00653,0.05856
05/12/18 00:00,0.572,0.5775,0.00324,0.04201
05/12/18 01:00,0.572,0.5775,0.00324,0.04201
05/12/18 02:00,0.572,0.5775,0.00324,0.04201
05/12/18 03:00,0.572,0.5775,0.00324,0.04201
05/12/18 04:00,0.572,0.5775,0.00324,0.04201
05/12/18 05:00,0.572,0.5775,0.00324,0.04201
05/12/18 06:00,0.572,0.5775,0.00324,0.04201
05/12/18 07:00,0.572,0.5775,0.00324,0.04201
05/12/18 08:00,0.572,0.5775,0.00324,0.04201
05/12/18 09:00,0.572,0.5775,0.00324,0.04201
05/12/18 10:00,0.572,0.5775,0.00324,0.04201
11/12/18 09:00,0.2558,0.46365,0.00545,0.05015
11/12/18 10:00,0.2558,0.46365,0.00545,0.05015
11/12/18 11:00,0.2558,0.46365,0.00545,0.05015
11/12/18 12:00,0.2558,0.46365,0.00545,0.05015
11/12/18 13:00,0.2558,0.46365,0.00545,0.05015
11/12/18 14:00,0.2558,0.46365,0.00545,0.05015
11/12/18 15:00,0.2558,0.46365,0.00545,0.05015
11/12/18 16:00,0.2558,0.46365,0.00545,0.05015
11/12/18 17:00,0.2558,0.46365,0.00545,0.05015
11/12/18 18:00,0.2558,0.46365,0.00545,0.05015
11/12/18 19:00,0.2558,0.46365,0.00545,0.05015
11/12/18 20:00,0.2558,0.46365,0.00545,0.05015
11/12/18 21:00,0.2558,0.46365,0.00545,0.05015
11/12/18 22:00,0.2558,0.46365,0.00545,0.05015
11/12/18 23:00,0.2558,0.46365,0.00545,0.05015
12/12/18 00:00,0.295,0.3918,0.0048,0.0493
12/12/18 01:00,0.295,0.3918,0.0048,0.0493
12/12/18 02:00,0.295,0.3918,0.0048,0.0493
12/12/18 03:00,0.295,0.3918,0.0048,0.0493
12/12/18 18:00,0.295,0.3918,0.0048,0.0493
12/12/18 19:00,0.295,0.3918,0.0048,0.0493
12/12/18 20:00,0.295,0.3918,0.0048,0.0493
12/12/18 21:00,0.295,0.3918,0.0048,0.0493
12/12/18 22:00,0.295,0.3918,0.0048,0.0493
12/12/18 23:00,0.295,0.3918,0.0048,0.0493
13/12/18 00:00,0.22,0.4716,0.0046,0.0599
13/12/18 01:00,0.22,0.4716,0.0046,0.0599
13/12/18 02:00,0.22,0.4716,0.0046,0.0599
13/12/18 03:00,0.22,0.4716,0.0046,0.0599
13/12/18 04:00,0.22,0.4716,0.0046,0.0599
13/12/18 05:00,0.22,0.4716,0.0046,0.0599
13/12/18 06:00,0.22,0.4716,0.0046,0.0599
13/12/18 07:00,0.22,0.4716,0.0046,0.0599
13/12/18 08:00,0.22,0.4716,0.0046,0.0599
13/12/18 09:00,0.22,0.4716,0.0046,0.0599
13/12/18 10:00,0.22,0.4716,0.0046,0.0599
13/12/18 11:00,0.22,0.4716,0.0046,0.0599
13/12/18 12:00,0.22,0.4716,0.0046,0.0599
13/12/18 13:00,0.22,0.4716,0.0046,0.0599
13/12/18 14:00,0.22,0.4716,0.0046,0.0599
13/12/18 15:00,0.22,0.4716,0.0046,0.0599
13/12/18 16:00,0.22,0.4716,0.0046,0.0599
13/12/18 17:00,0.22,0.4716,0.0046,0.0599
13/12/18 18:00,0.22,0.4716,0.0046,0.0599
13/12/18 19:00,0.22,0.4716,0.0046,0.0599
13/12/18 20:00,0.22,0.4716,0.0046,0.0599
13/12/18 21:00,0.22,0.4716,0.0046,0.0599
13/12/18 22:00,0.22,0.4716,0.0046,0.0599
13/12/18 23:00,0.22,0.4716,0.0046,0.0599
14/12/18 00:00,0.199,0.534,0.0054,0.0481
14/12/18 01:00,0.199,0.534,0.0054,0.0481
14/12/18 02:00,0.199,0.534,0.0054,0.0481
14/12/18 03:00,0.199,0.534,0.0054,0.0481
14/12/18 04:00,0.199,0.534,0.0054,0.0481
14/12/18 05:00,0.199,0.534,0.0054,0.0481
14/12/18 06:00,0.199,0.534,0.0054,0.0481
14/12/18 07:00,0.199,0.534,0.0054,0.0481
14/12/18 08:00,0.199,0.534,0.0054,0.0481
14/12/18 09:00,0.199,0.534,0.0054,0.0481
14/12/18 10:00,0.199,0.534,0.0054,0.0481
14/12/18 11:00,0.199,0.534,0.0054,0.0481
14/12/18 12:00,0.199,0.534,0.0054,0.0481
14/12/18 13:00,0.199,0.534,0.0054,0.0481
14/12/18 14:00,0.199,0.534,0.0054,0.0481
14/12/18 15:00,0.199,0.534,0.0054,0.0481
14/12/18 16:00,0.199,0.534,0.0054,0.0481
14/12/18 17:00,0.199,0.534,0.0054,0.0481
14/12/18 18:00,0.199,0.534,0.0054,0.0481
14/12/18 19:00,0.199,0.534,0.0054,0.0481
14/12/18 20:00,0.199,0.534,0.0054,0.0481
14/12/18 21:00,0.199,0.534,0.0054,0.0481
14/12/18 22:00,0.199,0.534,0.0054,0.0481
14/12/18 23:00,0.199,0.534,0.0054,0.0481
15/12/18 00:00,0.256,0.4647,0.0055,0.064
15/12/18 01:00,0.256,0.4647,0.0055,0.064
15/12/18 02:00,0.256,0.4647,0.0055,0.064
15/12/18 03:00,0.256,0.4647,0.0055,0.064
15/12/18 04:00,0.256,0.4647,0.0055,0.064
15/12/18 05:00,0.256,0.4647,0.0055,0.064
15/12/18 06:00,0.256,0.4647,0.0055,0.064
15/12/18 07:00,0.256,0.4647,0.0055,0.064
15/12/18 08:00,0.256,0.4647,0.0055,0.064
15/12/18 09:00,0.256,0.4647,0.0055,0.064
15/12/18 10:00,0.256,0.4647,0.0055,0.064
15/12/18 11:00,0.256,0.4647,0.0055,0.064
15/12/18 12:00,0.256,0.4647,0.0055,0.064
15/12/18 13:00,0.256,0.4647,0.0055,0.064
15/12/18 14:00,0.256,0.4647,0.0055,0.064
15/12/18 15:00,0.256,0.4647,0.0055,0.064
15/12/18 16:00,0.256,0.4647,0.0055,0.064
15/12/18 17:00,0.256,0.4647,0.0055,0.064
15/12/18 18:00,0.256,0.4647,0.0055,0.064
15/12/18 19:00,0.256,0.4647,0.0055,0.064
15/12/18 20:00,0.256,0.4647,0.0055,0.064
15/12/18 21:00,0.256,0.4647,0.0055,0.064
15/12/18 22:00,0.256,0.4647,0.0055,0.064
15/12/18 23:00,0.256,0.4647,0.0055,0.064
16/12/18 00:00,0.229,0.4363,0.005,0.0473
16/12/18 01:00,0.229,0.4363,0.005,0.0473
16/12/18 02:00,0.229,0.4363,0.005,0.0473
16/12/18 03:00,0.229,0.4363,0.005,0.0473
16/12/18 04:00,0.229,0.4363,0.005,0.0473
16/12/18 05:00,0.229,0.4363,0.005,0.0473
16/12/18 06:00,0.229,0.4363,0.005,0.0473
16/12/18 07:00,0.229,0.4363,0.005,0.0473
16/12/18 08:00,0.229,0.4363,0.005,0.0473
16/12/18 09:00,0.229,0.4363,0.005,0.0473
16/12/18 10:00,0.229,0.4363,0.005,0.0473
16/12/18 11:00,0.229,0.4363,0.005,0.0473
16/12/18 12:00,0.229,0.4363,0.005,0.0473
16/12/18 13:00,0.229,0.4363,0.005,0.0473
16/12/18 14:00,0.229,0.4363,0.005,0.0473
16/12/18 15:00,0.229,0.4363,0.005,0.0473
16/12/18 16:00,0.229,0.4363,0.005,0.0473
16/12/18 17:00,0.229,0.4363,0.005,0.0473
16/12/18 18:00,0.229,0.4363,0.005,0.0473
16/12/18 19:00,0.229,0.4363,0.005,0.0473
16/12/18 20:00,0.229,0.4363,0.005,0.0473
16/12/18 21:00,0.229,0.4363,0.005,0.0473
16/12/18 22:00,0.229,0.4363,0.005,0.0473
16/12/18 23:00,0.229,0.4363,0.005,0.0473
17/12/18 00:00,0.184,0.5638,0.0053,0.0456
17/12/18 01:00,0.184,0.5638,0.0053,0.0456
17/12/18 02:00,0.184,0.5638,0.0053,0.0456
17/12/18 03:00,0.184,0.5638,0.0053,0.0456
17/12/18 04:00,0.184,0.5638,0.0053,0.0456
17/12/18 05:00,0.184,0.5638,0.0053,0.0456
17/12/18 06:00,0.184,0.5638,0.0053,0.0456
17/12/18 07:00,0.184,0.5638,0.0053,0.0456
17/12/18 08:00,0.184,0.5638,0.0053,0.0456
17/12/18 09:00,0.184,0.5638,0.0053,0.0456
17/12/18 10:00,0.184,0.5638,0.0053,0.0456
17/12/18 11:00,0.184,0.5638,0.0053,0.0456
17/12/18 12:00,0.184,0.5638,0.0053,0.0456
17/12/18 13:00,0.184,0.5638,0.0053,0.0456
17/12/18 14:00,0.184,0.5638,0.0053,0.0456
17/12/18 15:00,0.184,0.5638,0.0053,0.0456
17/12/18 16:00,0.184,0.5638,0.0053,0.0456
17/12/18 17:00,0.184,0.5638,0.0053,0.0456
17/12/18 18:00,0.184,0.5638,0.0053,0.0456
17/12/18 19:00,0.184,0.5638,0.0053,0.0456
17/12/18 20:00,0.184,0.5638,0.0053,0.0456
17/12/18 21:00,0.184,0.5638,0.0053,0.0456
17/12/18 22:00,0.184,0.5638,0.0053,0.0456
17/12/18 23:00,0.184,0.5638,0.0053,0.0456
18/12/18 00:00,0.335,0.2973,0.0043,0.0778
18/12/18 01:00,0.335,0.2973,0.0043,0.0778
18/12/18 02:00,0.335,0.2973,0.0043,0.0778
18/12/18 03:00,0.335,0.2973,0.0043,0.0778
18/12/18 04:00,0.335,0.2973,0.0043,0.0778
18/12/18 05:00,0.335,0.2973,0.0043,0.0778
18/12/18 06:00,0.335,0.2973,0.0043,0.0778
18/12/18 07:00,0.335,0.2973,0.0043,0.0778
18/12/18 08:00,0.335,0.2973,0.0043,0.0778
18/12/18 09:00,0.335,0.2973,0.0043,0.0778
18/12/18 10:00,0.335,0.2973,0.0043,0.0778
18/12/18 11:00,0.335,0.2973,0.0043,0.0778
18/12/18 12:00,0.335,0.2973,0.0043,0.0778
18/12/18 13:00,0.335,0.2973,0.0043,0.0778
18/12/18 14:00,0.335,0.2973,0.0043,0.0778
18/12/18 15:00,0.335,0.2973,0.0043,0.0778
18/12/18 16:00,0.335,0.2973,0.0043,0.0778
18/12/18 17:00,0.335,0.2973,0.0043,0.0778
18/12/18 18:00,0.335,0.2973,0.0043,0.0778
18/12/18 19:00,0.335,0.2973,0.0043,0.0778
18/12/18 20:00,0.335,0.2973,0.0043,0.0778
18/12/18 21:00,0.335,0.2973,0.0043,0.0778
18/12/18 22:00,0.335,0.2973,0.0043,0.0778
18/12/18 23:00,0.335,0.2973,0.0043,0.0778
19/12/18 00:00,0.414,0.2358,0.0011,0.053
19/12/18 03:00,0.414,0.2358,0.0011,0.053
19/12/18 04:00,0.414,0.2358,0.0011,0.053
19/12/18 05:00,0.414,0.2358,0.0011,0.053
22/12/18 23:00,0.2558,0.46365,0.00545,0.05015
23/12/18 00:00,0.297,0.4595,0.0042,0.0545
23/12/18 01:00,0.297,0.4595,0.0042,0.0545
23/12/18 02:00,0.297,0.4595,0.0042,0.0545
23/12/18 03:00,0.297,0.4595,0.0042,0.0545
23/12/18 04:00,0.297,0.4595,0.0042,0.0545
23/12/18 05:00,0.297,0.4595,0.0042,0.0545
23/12/18 06:00,0.297,0.4595,0.0042,0.0545
23/12/18 07:00,0.297,0.4595,0.0042,0.0545
23/12/18 08:00,0.297,0.4595,0.0042,0.0545
23/12/18 09:00,0.297,0.4595,0.0042,0.0545
23/12/18 10:00,0.297,0.4595,0.0042,0.0545
23/12/18 11:00,0.297,0.4595,0.0042,0.0545
23/12/18 12:00,0.297,0.4595,0.0042,0.0545
23/12/18 13:00,0.297,0.4595,0.0042,0.0545
23/12/18 14:00,0.297,0.4595,0.0042,0.0545
23/12/18 15:00,0.297,0.4595,0.0042,0.0545
23/12/18 16:00,0.297,0.4595,0.0042,0.0545
23/12/18 17:00,0.297,0.4595,0.0042,0.0545
23/12/18 18:00,0.297,0.4595,0.0042,0.0545
23/12/18 19:00,0.297,0.4595,0.0042,0.0545
23/12/18 20:00,0.297,0.4595,0.0042,0.0545
23/12/18 21:00,0.297,0.4595,0.0042,0.0545
23/12/18 22:00,0.297,0.4595,0.0042,0.0545
23/12/18 23:00,0.297,0.4595,0.0042,0.0545
24/12/18 00:00,0.232,0.41975,0.00685,0.05485
24/12/18 02:00,0.232,0.41975,0.00685,0.05485
24/12/18 03:00,0.232,0.41975,0.00685,0.05485
24/12/18 04:00,0.232,0.41975,0.00685,0.05485
24/12/18 05:00,0.232,0.41975,0.00685,0.05485
24/12/18 06:00,0.232,0.41975,0.00685,0.05485
24/12/18 07:00,0.232,0.41975,0.00685,0.05485
24/12/18 08:00,0.232,0.41975,0.00685,0.05485
24/12/18 09:00,0.232,0.41975,0.00685,0.05485
24/12/18 10:00,0.232,0.41975,0.00685,0.05485
26/12/18 06:00,0.223,0.4837,0.0059,0.0457
26/12/18 07:00,0.223,0.4837,0.0059,0.0457
26/12/18 08:00,0.223,0.4837,0.0059,0.0457
26/12/18 09:00,0.223,0.4837,0.0059,0.0457
26/12/18 10:00,0.223,0.4837,0.0059,0.0457
26/12/18 11:00,0.223,0.4837,0.0059,0.0457
26/12/18 12:00,0.223,0.4837,0.0059,0.0457
26/12/18 13:00,0.223,0.4837,0.0059,0.0457
26/12/18 14:00,0.223,0.4837,0.0059,0.0457
26/12/18 15:00,0.223,0.4837,0.0059,0.0457
26/12/18 16:00,0.223,0.4837,0.0059,0.0457
26/12/18 17:00,0.223,0.4837,0.0059,0.0457
26/12/18 18:00,0.223,0.4837,0.0059,0.0457
28/12/18 13:00,0.169,0.585,0.0117,0.0413
28/12/18 14:00,0.169,0.585,0.0117,0.0413
28/12/18 15:00,0.169,0.585,0.0117,0.0413
28/12/18 16:00,0.169,0.585,0.0117,0.0413
28/12/18 17:00,0.169,0.585,0.0117,0.0413
28/12/18 18:00,0.169,0.585,0.0117,0.0413
28/12/18 19:00,0.169,0.585,0.0117,0.0413
28/12/18 20:00,0.169,0.585,0.0117,0.0413
28/12/18 21:00,0.169,0.585,0.0117,0.0413
28/12/18 22:00,0.169,0.585,0.0117,0.0413
28/12/18 23:00,0.169,0.585,0.0117,0.0413
29/12/18 00:00,0.425,0.2344,0.0069,0.0408
29/12/18 01:00,0.425,0.2344,0.0069,0.0408
29/12/18 02:00,0.425,0.2344,0.0069,0.0408
29/12/18 03:00,0.425,0.2344,0.0069,0.0408
29/12/18 04:00,0.425,0.2344,0.0069,0.0408
29/12/18 05:00,0.425,0.2344,0.0069,0.0408
29/12/18 12:00,0.425,0.2344,0.0069,0.0408
29/12/18 13:00,0.425,0.2344,0.0069,0.0408
29/12/18 19:00,0.425,0.2344,0.0069,0.0408
29/12/18 20:00,0.425,0.2344,0.0069,0.0408
29/12/18 21:00,0.425,0.2344,0.0069,0.0408
29/12/18 22:00,0.425,0.2344,0.0069,0.0408
29/12/18 23:00,0.425,0.2344,0.0069,0.0408
30/12/18 00:00,0.209,0.5313,0.0062,0.0389
30/12/18 01:00,0.209,0.5313,0.0062,0.0389
30/12/18 02:00,0.209,0.5313,0.0062,0.0389
30/12/18 03:00,0.209,0.5313,0.0062,0.0389
30/12/18 04:00,0.209,0.5313,0.0062,0.0389
30/12/18 05:00,0.209,0.5313,0.0062,0.0389
30/12/18 06:00,0.209,0.5313,0.0062,0.0389
30/12/18 07:00,0.209,0.5313,0.0062,0.0389
30/12/18 08:00,0.209,0.5313,0.0062,0.0389
30/12/18 09:00,0.209,0.5313,0.0062,0.0389
30/12/18 10:00,0.209,0.5313,0.0062,0.0389
30/12/18 11:00,0.209,0.5313,0.0062,0.0389
30/12/18 12:00,0.209,0.5313,0.0062,0.0389
30/12/18 13:00,0.209,0.5313,0.0062,0.0389
30/12/18 14:00,0.209,0.5313,0.0062,0.0389
30/12/18 15:00,0.209,0.5313,0.0062,0.0389
30/12/18 16:00,0.209,0.5313,0.0062,0.0389
30/12/18 17:00,0.209,0.5313,0.0062,0.0389
30/12/18 18:00,0.209,0.5313,0.0062,0.0389
30/12/18 19:00,0.209,0.5313,0.0062,0.0389
30/12/18 20:00,0.209,0.5313,0.0062,0.0389
30/12/18 21:00,0.209,0.5313,0.0062,0.0389
30/12/18 22:00,0.209,0.5313,0.0062,0.0389
30/12/18 23:00,0.209,0.5313,0.0062,0.0389
31/12/18 00:00,0.343,0.2998,0.00431,0.0364
31/12/18 01:00,0.343,0.2998,0.00431,0.0364
31/12/18 02:00,0.343,0.2998,0.00431,0.0364
31/12/18 06:00,0.343,0.2998,0.00431,0.0364
31/12/18 07:00,0.343,0.2998,0.00431,0.0364
31/12/18 08:00,0.343,0.2998,0.00431,0.0364
31/12/18 09:00,0.343,0.2998,0.00431,0.0364
31/12/18 10:00,0.343,0.2998,0.00431,0.0364
31/12/18 11:00,0.343,0.2998,0.00431,0.0364
01/01/19 23:00,0.2558,0.46365,0.00545,0.05015
02/01/19 00:00,0.2558,0.46365,0.00545,0.05015
02/01/19 01:00,0.2558,0.46365,0.00545,0.05015
02/01/19 02:00,0.2558,0.46365,0.00545,0.05015
02/01/19 03:00,0.2558,0.46365,0.00545,0.05015
02/01/19 04:00,0.2558,0.46365,0.00545,0.05015
02/01/19 05:00,0.2558,0.46365,0.00545,0.05015
02/01/19 06:00,0.2558,0.46365,0.00545,0.05015
02/01/19 07:00,0.2558,0.46365,0.00545,0.05015
02/01/19 08:00,0.2558,0.46365,0.00545,0.05015
02/01/19 09:00,0.2558,0.46365,0.00545,0.05015
02/01/19 10:00,0.2558,0.46365,0.00545,0.05015
02/01/19 11:00,0.2558,0.46365,0.00545,0.05015
02/01/19 12:00,0.2558,0.46365,0.00545,0.05015
02/01/19 13:00,0.2558,0.46365,0.00545,0.05015
02/01/19 14:00,0.2558,0.46365,0.00545,0.05015
02/01/19 15:00,0.2558,0.46365,0.00545,0.05015
02/01/19 16:00,0.2558,0.46365,0.00545,0.05015
02/01/19 17:00,0.2558,0.46365,0.00545,0.05015
02/01/19 18:00,0.2558,0.46365,0.00545,0.05015
02/01/19 19:00,0.2558,0.46365,0.00545,0.05015
02/01/19 20:00,0.2558,0.46365,0.00545,0.05015
02/01/19 21:00,0.2558,0.46365,0.00545,0.05015
02/01/19 22:00,0.2558,0.46365,0.00545,0.05015
02/01/19 23:00,0.2558,0.46365,0.00545,0.05015
03/01/19 00:00,0.367,0.3922,0.00469,0.04659
03/01/19 01:00,0.367,0.3922,0.00469,0.04659
03/01/19 02:00,0.367,0.3922,0.00469,0.04659
03/01/19 03:00,0.367,0.3922,0.00469,0.04659
03/01/19 04:00,0.367,0.3922,0.00469,0.04659
03/01/19 05:00,0.367,0.3922,0.00469,0.04659
03/01/19 06:00,0.367,0.3922,0.00469,0.04659
03/01/19 07:00,0.367,0.3922,0.00469,0.04659
03/01/19 08:00,0.367,0.3922,0.00469,0.04659
03/01/19 09:00,0.367,0.3922,0.00469,0.04659
03/01/19 10:00,0.367,0.3922,0.00469,0.04659
03/01/19 11:00,0.367,0.3922,0.00469,0.04659
03/01/19 12:00,0.367,0.3922,0.00469,0.04659
03/01/19 13:00,0.367,0.3922,0.00469,0.04659
03/01/19 14:00,0.367,0.3922,0.00469,0.04659
03/01/19 15:00,0.367,0.3922,0.00469,0.04659
03/01/19 16:00,0.367,0.3922,0.00469,0.04659
03/01/19 17:00,0.367,0.3922,0.00469,0.04659
03/01/19 18:00,0.367,0.3922,0.00469,0.04659
03/01/19 19:00,0.367,0.3922,0.00469,0.04659
03/01/19 20:00,0.367,0.3922,0.00469,0.04659
03/01/19 21:00,0.367,0.3922,0.00469,0.04659
03/01/19 22:00,0.367,0.3922,0.00469,0.04659
03/01/19 23:00,0.367,0.3922,0.00469,0.04659
04/01/19 00:00,0.309,0.286,0.00415,0.08401
04/01/19 01:00,0.309,0.286,0.00415,0.08401
04/01/19 02:00,0.309,0.286,0.00415,0.08401
04/01/19 03:00,0.309,0.286,0.00415,0.08401
04/01/19 04:00,0.309,0.286,0.00415,0.08401
04/01/19 05:00,0.309,0.286,0.00415,0.08401
04/01/19 06:00,0.309,0.286,0.00415,0.08401
04/01/19 07:00,0.309,0.286,0.00415,0.08401
04/01/19 13:00,0.309,0.286,0.00415,0.08401
04/01/19 14:00,0.309,0.286,0.00415,0.08401
04/01/19 15:00,0.309,0.286,0.00415,0.08401
04/01/19 16:00,0.309,0.286,0.00415,0.08401
04/01/19 17:00,0.309,0.286,0.00415,0.08401
04/01/19 18:00,0.309,0.286,0.00415,0.08401
04/01/19 19:00,0.309,0.286,0.00415,0.08401
04/01/19 20:00,0.309,0.286,0.00415,0.08401
04/01/19 21:00,0.309,0.286,0.00415,0.08401
04/01/19 22:00,0.309,0.286,0.00415,0.08401
04/01/19 23:00,0.309,0.286,0.00415,0.08401
05/01/19 00:00,0.337,0.3426,0.00619,0.09936
05/01/19 01:00,0.337,0.3426,0.00619,0.09936
05/01/19 02:00,0.337,0.3426,0.00619,0.09936
05/01/19 03:00,0.337,0.3426,0.00619,0.09936
05/01/19 04:00,0.337,0.3426,0.00619,0.09936
05/01/19 05:00,0.337,0.3426,0.00619,0.09936
05/01/19 06:00,0.337,0.3426,0.00619,0.09936
05/01/19 07:00,0.337,0.3426,0.00619,0.09936
05/01/19 08:00,0.337,0.3426,0.00619,0.09936
05/01/19 09:00,0.337,0.3426,0.00619,0.09936
05/01/19 10:00,0.337,0.3426,0.00619,0.09936
05/01/19 11:00,0.337,0.3426,0.00619,0.09936
05/01/19 12:00,0.337,0.3426,0.00619,0.09936
05/01/19 13:00,0.337,0.3426,0.00619,0.09936
05/01/19 14:00,0.337,0.3426,0.00619,0.09936
05/01/19 15:00,0.337,0.3426,0.00619,0.09936
05/01/19 16:00,0.337,0.3426,0.00619,0.09936
05/01/19 17:00,0.337,0.3426,0.00619,0.09936
05/01/19 18:00,0.337,0.3426,0.00619,0.09936
05/01/19 19:00,0.337,0.3426,0.00619,0.09936
05/01/19 20:00,0.337,0.3426,0.00619,0.09936
05/01/19 21:00,0.337,0.3426,0.00619,0.09936
05/01/19 22:00,0.337,0.3426,0.00619,0.09936
05/01/19 23:00,0.337,0.3426,0.00619,0.09936
06/01/19 00:00,0.2548,0.5056,0.00505,0.0423
06/01/19 01:00,0.2548,0.5056,0.00505,0.0423
06/01/19 02:00,0.2548,0.5056,0.00505,0.0423
06/01/19 03:00,0.2548,0.5056,0.00505,0.0423
06/01/19 04:00,0.2548,0.5056,0.00505,0.0423
06/01/19 05:00,0.2548,0.5056,0.00505,0.0423
06/01/19 06:00,0.2548,0.5056,0.00505,0.0423
06/01/19 07:00,0.2548,0.5056,0.00505,0.0423
06/01/19 08:00,0.2548,0.5056,0.00505,0.0423
06/01/19 09:00,0.2548,0.5056,0.00505,0.0423
06/01/19 10:00,0.2548,0.5056,0.00505,0.0423
06/01/19 11:00,0.2548,0.5056,0.00505,0.0423
06/01/19 12:00,0.2548,0.5056,0.00505,0.0423
06/01/19 13:00,0.2548,0.5056,0.00505,0.0423
06/01/19 14:00,0.2548,0.5056,0.00505,0.0423
06/01/19 15:00,0.2548,0.5056,0.00505,0.0423
06/01/19 16:00,0.2548,0.5056,0.00505,0.0423
06/01/19 17:00,0.2548,0.5056,0.00505,0.0423
06/01/19 18:00,0.2548,0.5056,0.00505,0.0423
06/01/19 19:00,0.2548,0.5056,0.00505,0.0423
06/01/19 20:00,0.2548,0.5056,0.00505,0.0423
06/01/19 23:00,0.2548,0.5056,0.00505,0.0423
07/01/19 02:00,0.32,0.3313,0.00454,0.05116
07/01/19 03:00,0.32,0.3313,0.00454,0.05116
07/01/19 04:00,0.32,0.3313,0.00454,0.05116
07/01/19 05:00,0.32,0.3313,0.00454,0.05116
07/01/19 06:00,0.32,0.3313,0.00454,0.05116
07/01/19 07:00,0.32,0.3313,0.00454,0.05116
07/01/19 08:00,0.32,0.3313,0.00454,0.05116
07/01/19 09:00,0.32,0.3313,0.00454,0.05116
07/01/19 10:00,0.32,0.3313,0.00454,0.05116
07/01/19 11:00,0.32,0.3313,0.00454,0.05116
07/01/19 12:00,0.32,0.3313,0.00454,0.05116
07/01/19 13:00,0.32,0.3313,0.00454,0.05116
07/01/19 14:00,0.32,0.3313,0.00454,0.05116
07/01/19 15:00,0.32,0.3313,0.00454,0.05116
07/01/19 16:00,0.32,0.3313,0.00454,0.05116
07/01/19 17:00,0.32,0.3313,0.00454,0.05116
08/01/19 02:00,0.248,0.4802,0.00505,0.04428
08/01/19 03:00,0.248,0.4802,0.00505,0.04428
08/01/19 04:00,0.248,0.4802,0.00505,0.04428
08/01/19 05:00,0.248,0.4802,0.00505,0.04428
08/01/19 06:00,0.248,0.4802,0.00505,0.04428
08/01/19 07:00,0.248,0.4802,0.00505,0.04428
08/01/19 08:00,0.248,0.4802,0.00505,0.04428
08/01/19 09:00,0.248,0.4802,0.00505,0.04428
08/01/19 10:00,0.248,0.4802,0.00505,0.04428
08/01/19 11:00,0.248,0.4802,0.00505,0.04428
08/01/19 12:00,0.248,0.4802,0.00505,0.04428
08/01/19 13:00,0.248,0.4802,0.00505,0.04428
08/01/19 14:00,0.248,0.4802,0.00505,0.04428
08/01/19 15:00,0.248,0.4802,0.00505,0.04428
08/01/19 16:00,0.248,0.4802,0.00505,0.04428
08/01/19 17:00,0.248,0.4802,0.00505,0.04428
08/01/19 18:00,0.248,0.4802,0.00505,0.04428
08/01/19 19:00,0.248,0.4802,0.00505,0.04428
08/01/19 20:00,0.248,0.4802,0.00505,0.04428
08/01/19 21:00,0.248,0.4802,0.00505,0.04428
08/01/19 22:00,0.248,0.4802,0.00505,0.04428
08/01/19 23:00,0.248,0.4802,0.00505,0.04428
09/01/19 00:00,0.24,0.4648,0.00488,0.06019
09/01/19 01:00,0.24,0.4648,0.00488,0.06019
09/01/19 02:00,0.24,0.4648,0.00488,0.06019
09/01/19 03:00,0.24,0.4648,0.00488,0.06019
09/01/19 04:00,0.24,0.4648,0.00488,0.06019
09/01/19 05:00,0.24,0.4648,0.00488,0.06019
09/01/19 06:00,0.24,0.4648,0.00488,0.06019
09/01/19 07:00,0.24,0.4648,0.00488,0.06019
09/01/19 08:00,0.24,0.4648,0.00488,0.06019
09/01/19 09:00,0.24,0.4648,0.00488,0.06019
09/01/19 10:00,0.24,0.4648,0.00488,0.06019
09/01/19 11:00,0.24,0.4648,0.00488,0.06019
09/01/19 12:00,0.24,0.4648,0.00488,0.06019
09/01/19 13:00,0.24,0.4648,0.00488,0.06019
09/01/19 14:00,0.24,0.4648,0.00488,0.06019
09/01/19 15:00,0.24,0.4648,0.00488,0.06019
09/01/19 16:00,0.24,0.4648,0.00488,0.06019
09/01/19 17:00,0.24,0.4648,0.00488,0.06019
09/01/19 18:00,0.24,0.4648,0.00488,0.06019
09/01/19 19:00,0.24,0.4648,0.00488,0.06019
09/01/19 20:00,0.24,0.4648,0.00488,0.06019
09/01/19 21:00,0.24,0.4648,0.00488,0.06019
09/01/19 22:00,0.24,0.4648,0.00488,0.06019
09/01/19 23:00,0.24,0.4648,0.00488,0.06019
10/01/19 00:00,0.325,0.5536,0.00498,0.03891
10/01/19 01:00,0.325,0.5536,0.00498,0.03891
10/01/19 02:00,0.325,0.5536,0.00498,0.03891
10/01/19 03:00,0.325,0.5536,0.00498,0.03891
10/01/19 04:00,0.325,0.5536,0.00498,0.03891
10/01/19 05:00,0.325,0.5536,0.00498,0.03891
10/01/19 06:00,0.325,0.5536,0.00498,0.03891
10/01/19 07:00,0.325,0.5536,0.00498,0.03891
10/01/19 08:00,0.325,0.5536,0.00498,0.03891
10/01/19 09:00,0.325,0.5536,0.00498,0.03891
10/01/19 10:00,0.325,0.5536,0.00498,0.03891
10/01/19 11:00,0.325,0.5536,0.00498,0.03891
10/01/19 12:00,0.325,0.5536,0.00498,0.03891
10/01/19 13:00,0.325,0.5536,0.00498,0.03891
10/01/19 14:00,0.325,0.5536,0.00498,0.03891
10/01/19 15:00,0.325,0.5536,0.00498,0.03891
10/01/19 16:00,0.325,0.5536,0.00498,0.03891
10/01/19 17:00,0.325,0.5536,0.00498,0.03891
10/01/19 18:00,0.325,0.5536,0.00498,0.03891
10/01/19 19:00,0.325,0.5536,0.00498,0.03891
10/01/19 20:00,0.325,0.5536,0.00498,0.03891
10/01/19 21:00,0.325,0.5536,0.00498,0.03891
10/01/19 22:00,0.325,0.5536,0.00498,0.03891
10/01/19 23:00,0.325,0.5536,0.00498,0.03891
11/01/19 00:00,0.138,0.5555,0.00522,0.04436
11/01/19 01:00,0.138,0.5555,0.00522,0.04436
11/01/19 02:00,0.138,0.5555,0.00522,0.04436
11/01/19 03:00,0.138,0.5555,0.00522,0.04436
11/01/19 04:00,0.138,0.5555,0.00522,0.04436
11/01/19 05:00,0.138,0.5555,0.00522,0.04436
11/01/19 06:00,0.138,0.5555,0.00522,0.04436
11/01/19 07:00,0.138,0.5555,0.00522,0.04436
11/01/19 08:00,0.138,0.5555,0.00522,0.04436
11/01/19 09:00,0.138,0.5555,0.00522,0.04436
11/01/19 10:00,0.138,0.5555,0.00522,0.04436
11/01/19 11:00,0.138,0.5555,0.00522,0.04436
11/01/19 12:00,0.138,0.5555,0.00522,0.04436
11/01/19 13:00,0.138,0.5555,0.00522,0.04436
11/01/19 14:00,0.138,0.5555,0.00522,0.04436
11/01/19 15:00,0.138,0.5555,0.00522,0.04436
14/01/19 19:00,0.2558,0.46365,0.00545,0.05015
14/01/19 20:00,0.2558,0.46365,0.00545,0.05015
14/01/19 21:00,0.2558,0.46365,0.00545,0.05015
14/01/19 22:00,0.2558,0.46365,0.00545,0.05015
14/01/19 23:00,0.2558,0.46365,0.00545,0.05015
15/01/19 00:00,0.2556,0.5242,0.00777,0.04332
15/01/19 01:00,0.2556,0.5242,0.00777,0.04332
15/01/19 02:00,0.2556,0.5242,0.00777,0.04332
15/01/19 03:00,0.2556,0.5242,0.00777,0.04332
15/01/19 04:00,0.2556,0.5242,0.00777,0.04332
15/01/19 05:00,0.2556,0.5242,0.00777,0.04332
15/01/19 06:00,0.2556,0.5242,0.00777,0.04332
15/01/19 07:00,0.2556,0.5242,0.00777,0.04332
15/01/19 08:00,0.2556,0.5242,0.00777,0.04332
15/01/19 09:00,0.2556,0.5242,0.00777,0.04332
15/01/19 10:00,0.2556,0.5242,0.00777,0.04332
15/01/19 11:00,0.2556,0.5242,0.00777,0.04332
15/01/19 12:00,0.2556,0.5242,0.00777,0.04332
15/01/19 13:00,0.2556,0.5242,0.00777,0.04332
15/01/19 14:00,0.2556,0.5242,0.00777,0.04332
15/01/19 15:00,0.2556,0.5242,0.00777,0.04332
15/01/19 16:00,0.2556,0.5242,0.00777,0.04332
15/01/19 17:00,0.2556,0.5242,0.00777,0.04332
15/01/19 18:00,0.2556,0.5242,0.00777,0.04332
15/01/19 19:00,0.2556,0.5242,0.00777,0.04332
15/01/19 20:00,0.2556,0.5242,0.00777,0.04332
15/01/19 21:00,0.2556,0.5242,0.00777,0.04332
15/01/19 22:00,0.2556,0.5242,0.00777,0.04332
15/01/19 23:00,0.2556,0.5242,0.00777,0.04332
16/01/19 00:00,0.1412,0.5416,0.00583,0.0829
16/01/19 01:00,0.1412,0.5416,0.00583,0.0829
16/01/19 02:00,0.1412,0.5416,0.00583,0.0829
16/01/19 03:00,0.1412,0.5416,0.00583,0.0829
16/01/19 04:00,0.1412,0.5416,0.00583,0.0829
16/01/19 05:00,0.1412,0.5416,0.00583,0.0829
16/01/19 06:00,0.1412,0.5416,0.00583,0.0829
16/01/19 07:00,0.1412,0.5416,0.00583,0.0829
16/01/19 08:00,0.1412,0.5416,0.00583,0.0829
16/01/19 09:00,0.1412,0.5416,0.00583,0.0829
16/01/19 10:00,0.1412,0.5416,0.00583,0.0829
16/01/19 11:00,0.1412,0.5416,0.00583,0.0829
16/01/19 12:00,0.1412,0.5416,0.00583,0.0829
16/01/19 13:00,0.1412,0.5416,0.00583,0.0829
16/01/19 14:00,0.1412,0.5416,0.00583,0.0829
16/01/19 15:00,0.1412,0.5416,0.00583,0.0829
16/01/19 16:00,0.1412,0.5416,0.00583,0.0829
16/01/19 17:00,0.1412,0.5416,0.00583,0.0829
16/01/19 18:00,0.1412,0.5416,0.00583,0.0829
16/01/19 19:00,0.1412,0.5416,0.00583,0.0829
16/01/19 20:00,0.1412,0.5416,0.00583,0.0829
16/01/19 21:00,0.1412,0.5416,0.00583,0.0829
16/01/19 22:00,0.1412,0.5416,0.00583,0.0829
16/01/19 23:00,0.1412,0.5416,0.00583,0.0829
17/01/19 00:00,0.333,0.4273,0.00779,0.08746
17/01/19 01:00,0.333,0.4273,0.00779,0.08746
17/01/19 02:00,0.333,0.4273,0.00779,0.08746
17/01/19 03:00,0.333,0.4273,0.00779,0.08746
17/01/19 04:00,0.333,0.4273,0.00779,0.08746
17/01/19 05:00,0.333,0.4273,0.00779,0.08746
17/01/19 06:00,0.333,0.4273,0.00779,0.08746
17/01/19 07:00,0.333,0.4273,0.00779,0.08746
17/01/19 08:00,0.333,0.4273,0.00779,0.08746
17/01/19 09:00,0.333,0.4273,0.00779,0.08746
17/01/19 10:00,0.333,0.4273,0.00779,0.08746
17/01/19 11:00,0.333,0.4273,0.00779,0.08746
17/01/19 12:00,0.333,0.4273,0.00779,0.08746
17/01/19 13:00,0.333,0.4273,0.00779,0.08746
17/01/19 14:00,0.333,0.4273,0.00779,0.08746
17/01/19 15:00,0.333,0.4273,0.00779,0.08746
17/01/19 16:00,0.333,0.4273,0.00779,0.08746
17/01/19 17:00,0.333,0.4273,0.00779,0.08746
17/01/19 18:00,0.333,0.4273,0.00779,0.08746
17/01/19 19:00,0.333,0.4273,0.00779,0.08746
17/01/19 20:00,0.333,0.4273,0.00779,0.08746
17/01/19 21:00,0.333,0.4273,0.00779,0.08746
17/01/19 22:00,0.333,0.4273,0.00779,0.08746
17/01/19 23:00,0.333,0.4273,0.00779,0.08746
18/01/19 00:00,0.296,0.4481,0.00474,0.09244
18/01/19 01:00,0.296,0.4481,0.00474,0.09244
18/01/19 02:00,0.296,0.4481,0.00474,0.09244
18/01/19 03:00,0.296,0.4481,0.00474,0.09244
18/01/19 04:00,0.296,0.4481,0.00474,0.09244
18/01/19 05:00,0.296,0.4481,0.00474,0.09244
18/01/19 06:00,0.296,0.4481,0.00474,0.09244
18/01/19 07:00,0.296,0.4481,0.00474,0.09244
18/01/19 08:00,0.296,0.4481,0.00474,0.09244
18/01/19 09:00,0.296,0.4481,0.00474,0.09244
18/01/19 10:00,0.296,0.4481,0.00474,0.09244
18/01/19 11:00,0.296,0.4481,0.00474,0.09244
18/01/19 12:00,0.296,0.4481,0.00474,0.09244
18/01/19 13:00,0.296,0.4481,0.00474,0.09244
18/01/19 14:00,0.296,0.4481,0.00474,0.09244
18/01/19 15:00,0.296,0.4481,0.00474,0.09244
18/01/19 16:00,0.296,0.4481,0.00474,0.09244
18/01/19 17:00,0.296,0.4481,0.00474,0.09244
18/01/19 18:00,0.296,0.4481,0.00474,0.09244
18/01/19 19:00,0.296,0.4481,0.00474,0.09244
18/01/19 20:00,0.296,0.4481,0.00474,0.09244
18/01/19 21:00,0.296,0.4481,0.00474,0.09244
18/01/19 22:00,0.296,0.4481,0.00474,0.09244
18/01/19 23:00,0.296,0.4481,0.00474,0.09244
19/01/19 00:00,0.185,0.469,0.00459,0.0852
19/01/19 01:00,0.185,0.469,0.00459,0.0852
19/01/19 02:00,0.185,0.469,0.00459,0.0852
19/01/19 03:00,0.185,0.469,0.00459,0.0852
19/01/19 04:00,0.185,0.469,0.00459,0.0852
19/01/19 05:00,0.185,0.469,0.00459,0.0852
19/01/19 06:00,0.185,0.469,0.00459,0.0852
19/01/19 07:00,0.185,0.469,0.00459,0.0852
19/01/19 08:00,0.185,0.469,0.00459,0.0852
19/01/19 09:00,0.185,0.469,0.00459,0.0852
19/01/19 10:00,0.185,0.469,0.00459,0.0852
19/01/19 11:00,0.185,0.469,0.00459,0.0852
19/01/19 12:00,0.185,0.469,0.00459,0.0852
19/01/19 13:00,0.185,0.469,0.00459,0.0852
19/01/19 14:00,0.185,0.469,0.00459,0.0852
19/01/19 15:00,0.185,0.469,0.00459,0.0852
19/01/19 16:00,0.185,0.469,0.00459,0.0852
19/01/19 17:00,0.185,0.469,0.00459,0.0852
19/01/19 18:00,0.185,0.469,0.00459,0.0852
19/01/19 19:00,0.185,0.469,0.00459,0.0852
19/01/19 20:00,0.185,0.469,0.00459,0.0852
19/01/19 21:00,0.185,0.469,0.00459,0.0852
19/01/19 22:00,0.185,0.469,0.00459,0.0852
19/01/19 23:00,0.185,0.469,0.00459,0.0852
20/01/19 00:00,0.312,0.4843,0.00461,0.1004
20/01/19 01:00,0.312,0.4843,0.00461,0.1004
20/01/19 02:00,0.312,0.4843,0.00461,0.1004
20/01/19 03:00,0.312,0.4843,0.00461,0.1004
20/01/19 04:00,0.312,0.4843,0.00461,0.1004
20/01/19 05:00,0.312,0.4843,0.00461,0.1004
20/01/19 06:00,0.312,0.4843,0.00461,0.1004
20/01/19 07:00,0.312,0.4843,0.00461,0.1004
20/01/19 08:00,0.312,0.4843,0.00461,0.1004
20/01/19 09:00,0.312,0.4843,0.00461,0.1004
20/01/19 10:00,0.312,0.4843,0.00461,0.1004
20/01/19 11:00,0.312,0.4843,0.00461,0.1004
20/01/19 12:00,0.312,0.4843,0.00461,0.1004
20/01/19 13:00,0.312,0.4843,0.00461,0.1004
20/01/19 14:00,0.312,0.4843,0.00461,0.1004
20/01/19 15:00,0.312,0.4843,0.00461,0.1004
20/01/19 16:00,0.312,0.4843,0.00461,0.1004
20/01/19 17:00,0.312,0.4843,0.00461,0.1004
20/01/19 18:00,0.312,0.4843,0.00461,0.1004
20/01/19 19:00,0.312,0.4843,0.00461,0.1004
20/01/19 20:00,0.312,0.4843,0.00461,0.1004
20/01/19 21:00,0.312,0.4843,0.00461,0.1004
20/01/19 22:00,0.312,0.4843,0.00461,0.1004
20/01/19 23:00,0.312,0.4843,0.00461,0.1004
21/01/19 00:00,0.22,0.3752,0.00428,0.13455
21/01/19 01:00,0.22,0.3752,0.00428,0.13455
21/01/19 02:00,0.22,0.3752,0.00428,0.13455
21/01/19 03:00,0.22,0.3752,0.00428,0.13455
21/01/19 04:00,0.22,0.3752,0.00428,0.13455
21/01/19 05:00,0.22,0.3752,0.00428,0.13455
21/01/19 06:00,0.22,0.3752,0.00428,0.13455
21/01/19 07:00,0.22,0.3752,0.00428,0.13455
21/01/19 08:00,0.22,0.3752,0.00428,0.13455
21/01/19 09:00,0.22,0.3752,0.00428,0.13455
21/01/19 10:00,0.22,0.3752,0.00428,0.13455
21/01/19 11:00,0.22,0.3752,0.00428,0.13455
21/01/19 12:00,0.22,0.3752,0.00428,0.13455
21/01/19 13:00,0.22,0.3752,0.00428,0.13455
21/01/19 14:00,0.22,0.3752,0.00428,0.13455
21/01/19 15:00,0.22,0.3752,0.00428,0.13455
21/01/19 16:00,0.22,0.3752,0.00428,0.13455
21/01/19 17:00,0.22,0.3752,0.00428,0.13455
21/01/19 18:00,0.22,0.3752,0.00428,0.13455
21/01/19 19:00,0.22,0.3752,0.00428,0.13455
21/01/19 20:00,0.22,0.3752,0.00428,0.13455
21/01/19 21:00,0.22,0.3752,0.00428,0.13455
21/01/19 22:00,0.22,0.3752,0.00428,0.13455
21/01/19 23:00,0.22,0.3752,0.00428,0.13455
22/01/19 00:00,0.327,0.2733,0.00348,0.11123
22/01/19 01:00,0.327,0.2733,0.00348,0.11123
22/01/19 02:00,0.327,0.2733,0.00348,0.11123
22/01/19 03:00,0.327,0.2733,0.00348,0.11123
22/01/19 04:00,0.327,0.2733,0.00348,0.11123
22/01/19 05:00,0.327,0.2733,0.00348,0.11123
22/01/19 06:00,0.327,0.2733,0.00348,0.11123
22/01/19 07:00,0.327,0.2733,0.00348,0.11123
22/01/19 08:00,0.327,0.2733,0.00348,0.11123
22/01/19 09:00,0.327,0.2733,0.00348,0.11123
22/01/19 10:00,0.327,0.2733,0.00348,0.11123
22/01/19 11:00,0.327,0.2733,0.00348,0.11123
22/01/19 12:00,0.327,0.2733,0.00348,0.11123
22/01/19 13:00,0.327,0.2733,0.00348,0.11123
22/01/19 14:00,0.327,0.2733,0.00348,0.11123
22/01/19 15:00,0.327,0.2733,0.00348,0.11123
22/01/19 16:00,0.327,0.2733,0.00348,0.11123
22/01/19 17:00,0.327,0.2733,0.00348,0.11123
22/01/19 18:00,0.327,0.2733,0.00348,0.11123
22/01/19 19:00,0.327,0.2733,0.00348,0.11123
22/01/19 20:00,0.327,0.2733,0.00348,0.11123
22/01/19 21:00,0.327,0.2733,0.00348,0.11123
22/01/19 22:00,0.327,0.2733,0.00348,0.11123
22/01/19 23:00,0.327,0.2733,0.00348,0.11123
23/01/19 00:00,0.252,0.4097,0.00516,0.07939
23/01/19 01:00,0.252,0.4097,0.00516,0.07939
23/01/19 02:00,0.252,0.4097,0.00516,0.07939
23/01/19 03:00,0.252,0.4097,0.00516,0.07939
23/01/19 04:00,0.252,0.4097,0.00516,0.07939
23/01/19 05:00,0.252,0.4097,0.00516,0.07939
23/01/19 06:00,0.252,0.4097,0.00516,0.07939
23/01/19 07:00,0.252,0.4097,0.00516,0.07939
23/01/19 08:00,0.252,0.4097,0.00516,0.07939
23/01/19 09:00,0.252,0.4097,0.00516,0.07939
23/01/19 10:00,0.252,0.4097,0.00516,0.07939
23/01/19 11:00,0.252,0.4097,0.00516,0.07939
23/01/19 12:00,0.252,0.4097,0.00516,0.07939
23/01/19 13:00,0.252,0.4097,0.00516,0.07939
23/01/19 14:00,0.252,0.4097,0.00516,0.07939
23/01/19 15:00,0.252,0.4097,0.00516,0.07939
23/01/19 16:00,0.252,0.4097,0.00516,0.07939
23/01/19 18:00,0.252,0.4097,0.00516,0.07939
23/01/19 19:00,0.252,0.4097,0.00516,0.07939
23/01/19 20:00,0.252,0.4097,0.00516,0.07939
23/01/19 21:00,0.252,0.4097,0.00516,0.07939
23/01/19 22:00,0.252,0.4097,0.00516,0.07939
23/01/19 23:00,0.252,0.4097,0.00516,0.07939
24/01/19 00:00,0.525,0.1063,0.00249,0.08624
24/01/19 11:00,0.525,0.1063,0.00249,0.08624
24/01/19 12:00,0.525,0.1063,0.00249,0.08624
24/01/19 13:00,0.525,0.1063,0.00249,0.08624
24/01/19 14:00,0.525,0.1063,0.00249,0.08624
24/01/19 15:00,0.525,0.1063,0.00249,0.08624
24/01/19 16:00,0.525,0.1063,0.00249,0.08624
24/01/19 17:00,0.525,0.1063,0.00249,0.08624
24/01/19 18:00,0.525,0.1063,0.00249,0.08624
24/01/19 19:00,0.525,0.1063,0.00249,0.08624
24/01/19 20:00,0.525,0.1063,0.00249,0.08624
24/01/19 21:00,0.525,0.1063,0.00249,0.08624
24/01/19 22:00,0.525,0.1063,0.00249,0.08624
24/01/19 23:00,0.525,0.1063,0.00249,0.08624
25/01/19 00:00,0.364,0.3666,0.0042,0.13555
25/01/19 01:00,0.364,0.3666,0.0042,0.13555
25/01/19 02:00,0.364,0.3666,0.0042,0.13555
25/01/19 03:00,0.364,0.3666,0.0042,0.13555
25/01/19 04:00,0.364,0.3666,0.0042,0.13555
25/01/19 05:00,0.364,0.3666,0.0042,0.13555
25/01/19 06:00,0.364,0.3666,0.0042,0.13555
25/01/19 07:00,0.364,0.3666,0.0042,0.13555
25/01/19 08:00,0.364,0.3666,0.0042,0.13555
25/01/19 09:00,0.364,0.3666,0.0042,0.13555
25/01/19 10:00,0.364,0.3666,0.0042,0.13555
25/01/19 11:00,0.364,0.3666,0.0042,0.13555
25/01/19 12:00,0.364,0.3666,0.0042,0.13555
25/01/19 13:00,0.364,0.3666,0.0042,0.13555
25/01/19 14:00,0.364,0.3666,0.0042,0.13555
25/01/19 15:00,0.364,0.3666,0.0042,0.13555
25/01/19 16:00,0.364,0.3666,0.0042,0.13555
25/01/19 17:00,0.364,0.3666,0.0042,0.13555
25/01/19 18:00,0.364,0.3666,0.0042,0.13555
25/01/19 19:00,0.364,0.3666,0.0042,0.13555
25/01/19 20:00,0.364,0.3666,0.0042,0.13555
29/01/19 22:00,0.2558,0.46365,0.00545,0.05015
29/01/19 23:00,0.2558,0.46365,0.00545,0.05015
30/01/19 00:00,0.2558,0.46365,0.00545,0.05015
30/01/19 01:00,0.2558,0.46365,0.00545,0.05015
30/01/19 02:00,0.2558,0.46365,0.00545,0.05015
30/01/19 03:00,0.2558,0.46365,0.00545,0.05015
30/01/19 04:00,0.2558,0.46365,0.00545,0.05015
30/01/19 05:00,0.2558,0.46365,0.00545,0.05015
30/01/19 06:00,0.2558,0.46365,0.00545,0.05015
30/01/19 07:00,0.2558,0.46365,0.00545,0.05015
30/01/19 08:00,0.2558,0.46365,0.00545,0.05015
30/01/19 09:00,0.2558,0.46365,0.00545,0.05015
30/01/19 10:00,0.2558,0.46365,0.00545,0.05015
30/01/19 11:00,0.2558,0.46365,0.00545,0.05015
30/01/19 12:00,0.2558,0.46365,0.00545,0.05015
30/01/19 13:00,0.2558,0.46365,0.00545,0.05015
30/01/19 14:00,0.2558,0.46365,0.00545,0.05015
30/01/19 15:00,0.2558,0.46365,0.00545,0.05015
30/01/19 16:00,0.2558,0.46365,0.00545,0.05015
30/01/19 17:00,0.2558,0.46365,0.00545,0.05015
30/01/19 18:00,0.2558,0.46365,0.00545,0.05015
30/01/19 19:00,0.2558,0.46365,0.00545,0.05015
30/01/19 20:00,0.2558,0.46365,0.00545,0.05015
30/01/19 21:00,0.2558,0.46365,0.00545,0.05015
30/01/19 22:00,0.2558,0.46365,0.00545,0.05015
30/01/19 23:00,0.2558,0.46365,0.00545,0.05015
31/01/19 00:00,0.35,0.455,0.00447,0.03991
31/01/19 01:00,0.35,0.455,0.00447,0.03991
31/01/19 02:00,0.35,0.455,0.00447,0.03991
31/01/19 03:00,0.35,0.455,0.00447,0.03991
31/01/19 04:00,0.35,0.455,0.00447,0.03991
31/01/19 05:00,0.35,0.455,0.00447,0.03991
31/01/19 06:00,0.35,0.455,0.00447,0.03991
31/01/19 07:00,0.35,0.455,0.00447,0.03991
31/01/19 08:00,0.35,0.455,0.00447,0.03991
31/01/19 09:00,0.35,0.455,0.00447,0.03991
31/01/19 10:00,0.35,0.455,0.00447,0.03991
31/01/19 11:00,0.35,0.455,0.00447,0.03991
31/01/19 12:00,0.35,0.455,0.00447,0.03991
