Time,Sucata,Sucata_Gusa,Sucata_Hasco,Sucata_MCI1,Sucata_MCI2,Sucata_PH1,Sucata_PH2,Sucata_Recibras,Sucata_Recibras_NF_9828,Sucata_Recicla,Sucata_Retida,Sucata_Usiminas,SucataPH,Sucatinha1,Sucatinha_Topo,Sucatinha2
18/10/18 01:00,1,0,0,0,0,0,0,0,0,0,0,0,0,0,0,0
18/10/18 02:00,1,0,0,0,0,0,0,0,0,0,0,0,0,0,0,0
18/10/18 03:00,1,0,0,0,0,0,0,0,0,0,0,0,0,0,0,0
18/10/18 04:00,1,0,0,0,0,0,0,0,0,0,0,0,0,0,0,0
18/10/18 05:00,1,0,0,0,0,0,0,0,0,0,0,0,0,0,0,0
18/10/18 06:00,1,0,0,0,0,0,0,0,0,0,0,0,0,0,0,0
18/10/18 07:00,1,0,0,0,0,0,0,0,0,0,0,0,0,0,0,0
18/10/18 08:00,1,0,0,0,0,0,0,0,0,0,0,0,0,0,0,0
23/10/18 03:00,1,0,0,0,0,0,0,0,0,0,0,0,0,0,0,0
23/10/18 04:00,1,0,0,0,0,0,0,0,0,0,0,0,0,0,0,0
23/10/18 05:00,1,0,0,0,0,0,0,0,0,0,0,0,0,0,0,0
23/10/18 06:00,1,0,0,0,0,0,0,0,0,0,0,0,0,0,0,0
23/10/18 07:00,1,0,0,0,0,0,0,0,0,0,0,0,0,0,0,0
23/10/18 08:00,1,0,0,0,0,0,0,0,0,0,0,0,0,0,0,0
23/10/18 09:00,1,0,0,0,0,0,0,0,0,0,0,0,0,0,0,0
23/10/18 10:00,1,0,0,0,0,0,0,0,0,0,0,0,0,0,0,0
23/10/18 11:00,1,0,0,0,0,0,0,0,0,0,0,0,0,0,0,0
23/10/18 12:00,1,0,0,0,0,0,0,0,0,0,0,0,0,0,0,0
23/10/18 13:00,1,0,0,0,0,0,0,0,0,0,0,0,0,0,0,0
23/10/18 14:00,1,0,0,0,0,0,0,0,0,0,0,0,0,0,0,0
23/10/18 15:00,1,0,0,0,0,0,0,0,0,0,0,0,0,0,0,0
23/10/18 16:00,1,0,0,0,0,0,0,0,0,0,0,0,0,0,0,0
23/10/18 17:00,1,0,0,0,0,0,0,0,0,0,0,0,0,0,0,0
23/10/18 18:00,1,0,0,0,0,0,0,0,0,0,0,0,0,0,0,0
23/10/18 19:00,1,0,0,0,0,0,0,0,0,0,0,0,0,0,0,0
23/10/18 20:00,1,0,0,0,0,0,0,0,0,0,0,0,0,0,0,0
23/10/18 21:00,1,0,0,0,0,0,0,0,0,0,0,0,0,0,0,0
23/10/18 22:00,1,0,0,0,0,0,0,0,0,0,0,0,0,0,0,0
23/10/18 23:00,1,0,0,0,0,0,0,0,0,0,0,0,0,0,0,0
24/10/18 00:00,1,0,0,0,0,0,0,0,0,0,0,0,0,0,0,0
24/10/18 01:00,1,0,0,0,0,0,0,0,0,0,0,0,0,0,0,0
24/10/18 02:00,1,0,0,0,0,0,0,0,0,0,0,0,0,0,0,0
24/10/18 03:00,1,0,0,0,0,0,0,0,0,0,0,0,0,0,0,0
24/10/18 04:00,1,0,0,0,0,0,0,0,0,0,0,0,0,0,0,0
24/10/18 05:00,1,0,0,0,0,0,0,0,0,0,0,0,0,0,0,0
24/10/18 06:00,1,0,0,0,0,0,0,0,0,0,0,0,0,0,0,0
24/10/18 07:00,1,0,0,0,0,0,0,0,0,0,0,0,0,0,0,0
24/10/18 08:00,1,0,0,0,0,0,0,0,0,0,0,0,0,0,0,0
24/10/18 09:00,1,0,0,0,0,0,0,0,0,0,0,0,0,0,0,0
24/10/18 10:00,1,0,0,0,0,0,0,0,0,0,0,0,0,0,0,0
24/10/18 11:00,1,0,0,0,0,0,0,0,0,0,0,0,0,0,0,0
24/10/18 12:00,1,0,0,0,0,0,0,0,0,0,0,0,0,0,0,0
24/10/18 13:00,1,0,0,0,0,0,0,0,0,0,0,0,0,0,0,0
24/10/18 14:00,1,0,0,0,0,0,0,0,0,0,0,0,0,0,0,0
24/10/18 15:00,1,0,0,0,0,0,0,0,0,0,0,0,0,0,0,0
24/10/18 16:00,1,0,0,0,0,0,0,0,0,0,0,0,0,0,0,0
24/10/18 17:00,1,0,0,0,0,0,0,0,0,0,0,0,0,0,0,0
24/10/18 18:00,1,0,0,0,0,0,0,0,0,0,0,0,0,0,0,0
24/10/18 19:00,1,0,0,0,0,0,0,0,0,0,0,0,0,0,0,0
24/10/18 20:00,1,0,0,0,0,0,0,0,0,0,0,0,0,0,0,0
24/10/18 21:00,1,0,0,0,0,0,0,0,0,0,0,0,0,0,0,0
24/10/18 22:00,1,0,0,0,0,0,0,0,0,0,0,0,0,0,0,0
24/10/18 23:00,1,0,0,0,0,0,0,0,0,0,0,0,0,0,0,0
25/10/18 00:00,1,0,0,0,0,0,0,0,0,0,0,0,0,0,0,0
25/10/18 01:00,1,0,0,0,0,0,0,0,0,0,0,0,0,0,0,0
25/10/18 02:00,1,0,0,0,0,0,0,0,0,0,0,0,0,0,0,0
25/10/18 03:00,1,0,0,0,0,0,0,0,0,0,0,0,0,0,0,0
25/10/18 04:00,1,0,0,0,0,0,0,0,0,0,0,0,0,0,0,0
25/10/18 05:00,1,0,0,0,0,0,0,0,0,0,0,0,0,0,0,0
25/10/18 06:00,1,0,0,0,0,0,0,0,0,0,0,0,0,0,0,0
25/10/18 07:00,1,0,0,0,0,0,0,0,0,0,0,0,0,0,0,0
25/10/18 08:00,1,0,0,0,0,0,0,0,0,0,0,0,0,0,0,0
25/10/18 09:00,1,0,0,0,0,0,0,0,0,0,0,0,0,0,0,0
25/10/18 10:00,1,0,0,0,0,0,0,0,0,0,0,0,0,0,0,0
25/10/18 11:00,1,0,0,0,0,0,0,0,0,0,0,0,0,0,0,0
25/10/18 12:00,1,0,0,0,0,0,0,0,0,0,0,0,0,0,0,0
25/10/18 13:00,1,0,0,0,0,0,0,0,0,0,0,0,0,0,0,0
25/10/18 14:00,1,0,0,0,0,0,0,0,0,0,0,0,0,0,0,0
25/10/18 15:00,1,0,0,0,0,0,0,0,0,0,0,0,0,0,0,0
25/10/18 16:00,1,0,0,0,0,0,0,0,0,0,0,0,0,0,0,0
25/10/18 17:00,1,0,0,0,0,0,0,0,0,0,0,0,0,0,0,0
25/10/18 18:00,1,0,0,0,0,0,0,0,0,0,0,0,0,0,0,0
25/10/18 19:00,1,0,0,0,0,0,0,0,0,0,0,0,0,0,0,0
25/10/18 20:00,1,0,0,0,0,0,0,0,0,0,0,0,0,0,0,0
25/10/18 21:00,1,0,0,0,0,0,0,0,0,0,0,0,0,0,0,0
25/10/18 22:00,1,0,0,0,0,0,0,0,0,0,0,0,0,0,0,0
25/10/18 23:00,1,0,0,0,0,0,0,0,0,0,0,0,0,0,0,0
26/10/18 00:00,1,0,0,0,0,0,0,0,0,0,0,0,0,0,0,0
26/10/18 01:00,1,0,0,0,0,0,0,0,0,0,0,0,0,0,0,0
26/10/18 02:00,1,0,0,0,0,0,0,0,0,0,0,0,0,0,0,0
26/10/18 03:00,1,0,0,0,0,0,0,0,0,0,0,0,0,0,0,0
26/10/18 04:00,1,0,0,0,0,0,0,0,0,0,0,0,0,0,0,0
26/10/18 05:00,1,0,0,0,0,0,0,0,0,0,0,0,0,0,0,0
26/10/18 06:00,1,0,0,0,0,0,0,0,0,0,0,0,0,0,0,0
26/10/18 07:00,1,0,0,0,0,0,0,0,0,0,0,0,0,0,0,0
26/10/18 08:00,1,0,0,0,0,0,0,0,0,0,0,0,0,0,0,0
26/10/18 09:00,1,0,0,0,0,0,0,0,0,0,0,0,0,0,0,0
26/10/18 10:00,1,0,0,0,0,0,0,0,0,0,0,0,0,0,0,0
26/10/18 11:00,1,0,0,0,0,0,0,0,0,0,0,0,0,0,0,0
26/10/18 12:00,1,0,0,0,0,0,0,0,0,0,0,0,0,0,0,0
26/10/18 13:00,1,0,0,0,0,0,0,0,0,0,0,0,0,0,0,0
26/10/18 14:00,1,0,0,0,0,0,0,0,0,0,0,0,0,0,0,0
26/10/18 15:00,1,0,0,0,0,0,0,0,0,0,0,0,0,0,0,0
26/10/18 16:00,1,0,0,0,0,0,0,0,0,0,0,0,0,0,0,0
26/10/18 17:00,1,0,0,0,0,0,0,0,0,0,0,0,0,0,0,0
26/10/18 18:00,1,0,0,0,0,0,0,0,0,0,0,0,0,0,0,0
26/10/18 19:00,1,0,0,0,0,0,0,0,0,0,0,0,0,0,0,0
26/10/18 20:00,1,0,0,0,0,0,0,0,0,0,0,0,0,0,0,0
26/10/18 21:00,1,0,0,0,0,0,0,0,0,0,0,0,0,0,0,0
26/10/18 22:00,1,0,0,0,0,0,0,0,0,0,0,0,0,0,0,0
26/10/18 23:00,1,0,0,0,0,0,0,0,0,0,0,0,0,0,0,0
27/10/18 00:00,1,0,0,0,0,0,0,0,0,0,0,0,0,0,0,0
27/10/18 01:00,1,0,0,0,0,0,0,0,0,0,0,0,0,0,0,0
27/10/18 02:00,1,0,0,0,0,0,0,0,0,0,0,0,0,0,0,0
27/10/18 03:00,1,0,0,0,0,0,0,0,0,0,0,0,0,0,0,0
27/10/18 04:00,1,0,0,0,0,0,0,0,0,0,0,0,0,0,0,0
27/10/18 05:00,1,0,0,0,0,0,0,0,0,0,0,0,0,0,0,0
27/10/18 06:00,1,0,0,0,0,0,0,0,0,0,0,0,0,0,0,0
27/10/18 07:00,1,0,0,0,0,0,0,0,0,0,0,0,0,0,0,0
27/10/18 08:00,1,0,0,0,0,0,0,0,0,0,0,0,0,0,0,0
27/10/18 09:00,1,0,0,0,0,0,0,0,0,0,0,0,0,0,0,0
27/10/18 10:00,1,0,0,0,0,0,0,0,0,0,0,0,0,0,0,0
27/10/18 11:00,1,0,0,0,0,0,0,0,0,0,0,0,0,0,0,0
27/10/18 12:00,1,0,0,0,0,0,0,0,0,0,0,0,0,0,0,0
27/10/18 13:00,1,0,0,0,0,0,0,0,0,0,0,0,0,0,0,0
27/10/18 14:00,1,0,0,0,0,0,0,0,0,0,0,0,0,0,0,0
27/10/18 15:00,1,0,0,0,0,0,0,0,0,0,0,0,0,0,0,0
27/10/18 16:00,1,0,0,0,0,0,0,0,0,0,0,0,0,0,0,0
27/10/18 17:00,1,0,0,0,0,0,0,0,0,0,0,0,0,0,0,0
27/10/18 18:00,1,0,0,0,0,0,0,0,0,0,0,0,0,0,0,0
27/10/18 19:00,1,0,0,0,0,0,0,0,0,0,0,0,0,0,0,0
27/10/18 20:00,1,0,0,0,0,0,0,0,0,0,0,0,0,0,0,0
27/10/18 21:00,1,0,0,0,0,0,0,0,0,0,0,0,0,0,0,0
27/10/18 22:00,1,0,0,0,0,0,0,0,0,0,0,0,0,0,0,0
27/10/18 23:00,1,0,0,0,0,0,0,0,0,0,0,0,0,0,0,0
28/10/18 00:00,1,0,0,0,0,0,0,0,0,0,0,0,0,0,0,0
28/10/18 01:00,1,0,0,0,0,0,0,0,0,0,0,0,0,0,0,0
28/10/18 02:00,1,0,0,0,0,0,0,0,0,0,0,0,0,0,0,0
28/10/18 03:00,1,0,0,0,0,0,0,0,0,0,0,0,0,0,0,0
28/10/18 04:00,1,0,0,0,0,0,0,0,0,0,0,0,0,0,0,0
28/10/18 05:00,1,0,0,0,0,0,0,0,0,0,0,0,0,0,0,0
28/10/18 06:00,1,0,0,0,0,0,0,0,0,0,0,0,0,0,0,0
28/10/18 07:00,1,0,0,0,0,0,0,0,0,0,0,0,0,0,0,0
28/10/18 08:00,1,0,0,0,0,0,0,0,0,0,0,0,0,0,0,0
28/10/18 09:00,1,0,0,0,0,0,0,0,0,0,0,0,0,0,0,0
28/10/18 10:00,1,0,0,0,0,0,0,0,0,0,0,0,0,0,0,0
28/10/18 11:00,1,0,0,0,0,0,0,0,0,0,0,0,0,0,0,0
28/10/18 12:00,1,0,0,0,0,0,0,0,0,0,0,0,0,0,0,0
28/10/18 13:00,1,0,0,0,0,0,0,0,0,0,0,0,0,0,0,0
28/10/18 14:00,1,0,0,0,0,0,0,0,0,0,0,0,0,0,0,0
28/10/18 15:00,1,0,0,0,0,0,0,0,0,0,0,0,0,0,0,0
28/10/18 16:00,1,0,0,0,0,0,0,0,0,0,0,0,0,0,0,0
28/10/18 17:00,1,0,0,0,0,0,0,0,0,0,0,0,0,0,0,0
28/10/18 18:00,1,0,0,0,0,0,0,0,0,0,0,0,0,0,0,0
28/10/18 19:00,1,0,0,0,0,0,0,0,0,0,0,0,0,0,0,0
28/10/18 20:00,1,0,0,0,0,0,0,0,0,0,0,0,0,0,0,0
28/10/18 21:00,1,0,0,0,0,0,0,0,0,0,0,0,0,0,0,0
28/10/18 22:00,1,0,0,0,0,0,0,0,0,0,0,0,0,0,0,0
28/10/18 23:00,1,0,0,0,0,0,0,0,0,0,0,0,0,0,0,0
29/10/18 00:00,1,0,0,0,0,0,0,0,0,0,0,0,0,0,0,0
29/10/18 01:00,1,0,0,0,0,0,0,0,0,0,0,0,0,0,0,0
29/10/18 02:00,1,0,0,0,0,0,0,0,0,0,0,0,0,0,0,0
29/10/18 03:00,1,0,0,0,0,0,0,0,0,0,0,0,0,0,0,0
29/10/18 04:00,1,0,0,0,0,0,0,0,0,0,0,0,0,0,0,0
29/10/18 05:00,1,0,0,0,0,0,0,0,0,0,0,0,0,0,0,0
29/10/18 06:00,1,0,0,0,0,0,0,0,0,0,0,0,0,0,0,0
29/10/18 07:00,1,0,0,0,0,0,0,0,0,0,0,0,0,0,0,0
29/10/18 08:00,1,0,0,0,0,0,0,0,0,0,0,0,0,0,0,0
29/10/18 09:00,1,0,0,0,0,0,0,0,0,0,0,0,0,0,0,0
29/10/18 10:00,1,0,0,0,0,0,0,0,0,0,0,0,0,0,0,0
29/10/18 11:00,1,0,0,0,0,0,0,0,0,0,0,0,0,0,0,0
31/10/18 20:00,1,0,0,0,0,0,0,0,0,0,0,0,0,0,0,0
31/10/18 21:00,1,0,0,0,0,0,0,0,0,0,0,0,0,0,0,0
31/10/18 22:00,1,0,0,0,0,0,0,0,0,0,0,0,0,0,0,0
31/10/18 23:00,1,0,0,0,0,0,0,0,0,0,0,0,0,0,0,0
1/11/2018 0:00,1,0,0,0,0,0,0,0,0,0,0,0,0,0,0,0
1/11/2018 1:00,1,0,0,0,0,0,0,0,0,0,0,0,0,0,0,0
1/11/2018 2:00,1,0,0,0,0,0,0,0,0,0,0,0,0,0,0,0
1/11/2018 3:00,1,0,0,0,0,0,0,0,0,0,0,0,0,0,0,0
1/11/2018 4:00,1,0,0,0,0,0,0,0,0,0,0,0,0,0,0,0
1/11/2018 5:00,1,0,0,0,0,0,0,0,0,0,0,0,0,0,0,0
1/11/2018 6:00,1,0,0,0,0,0,0,0,0,0,0,0,0,0,0,0
1/11/2018 7:00,1,0,0,0,0,0,0,0,0,0,0,0,0,0,0,0
1/11/2018 8:00,1,0,0,0,0,0,0,0,0,0,0,0,0,0,0,0
1/11/2018 9:00,1,0,0,0,0,0,0,0,0,0,0,0,0,0,0,0
1/11/2018 10:00,1,0,0,0,0,0,0,0,0,0,0,0,0,0,0,0
1/11/2018 11:00,1,0,0,0,0,0,0,0,0,0,0,0,0,0,0,0
1/11/2018 12:00,1,0,0,0,0,0,0,0,0,0,0,0,0,0,0,0
1/11/2018 14:00,1,0,0,0,0,0,0,0,0,0,0,0,0,0,0,0
1/11/2018 15:00,1,0,0,0,0,0,0,0,0,0,0,0,0,0,0,0
1/11/2018 16:00,1,0,0,0,0,0,0,0,0,0,0,0,0,0,0,0
1/11/2018 17:00,1,0,0,0,0,0,0,0,0,0,0,0,0,0,0,0
1/11/2018 18:00,1,0,0,0,0,0,0,0,0,0,0,0,0,0,0,0
1/11/2018 19:00,1,0,0,0,0,0,0,0,0,0,0,0,0,0,0,0
1/11/2018 20:00,1,0,0,0,0,0,0,0,0,0,0,0,0,0,0,0
1/11/2018 21:00,1,0,0,0,0,0,0,0,0,0,0,0,0,0,0,0
1/11/2018 22:00,1,0,0,0,0,0,0,0,0,0,0,0,0,0,0,0
1/11/2018 23:00,1,0,0,0,0,0,0,0,0,0,0,0,0,0,0,0
2/11/2018 0:00,1,0,0,0,0,0,0,0,0,0,0,0,0,0,0,0
2/11/2018 1:00,1,0,0,0,0,0,0,0,0,0,0,0,0,0,0,0
2/11/2018 2:00,1,0,0,0,0,0,0,0,0,0,0,0,0,0,0,0
2/11/2018 3:00,1,0,0,0,0,0,0,0,0,0,0,0,0,0,0,0
2/11/2018 4:00,1,0,0,0,0,0,0,0,0,0,0,0,0,0,0,0
2/11/2018 5:00,1,0,0,0,0,0,0,0,0,0,0,0,0,0,0,0
2/11/2018 6:00,1,0,0,0,0,0,0,0,0,0,0,0,0,0,0,0
2/11/2018 7:00,1,0,0,0,0,0,0,0,0,0,0,0,0,0,0,0
2/11/2018 8:00,1,0,0,0,0,0,0,0,0,0,0,0,0,0,0,0
2/11/2018 9:00,1,0,0,0,0,0,0,0,0,0,0,0,0,0,0,0
2/11/2018 10:00,1,0,0,0,0,0,0,0,0,0,0,0,0,0,0,0
2/11/2018 11:00,1,0,0,0,0,0,0,0,0,0,0,0,0,0,0,0
2/11/2018 12:00,1,0,0,0,0,0,0,0,0,0,0,0,0,0,0,0
2/11/2018 13:00,1,0,0,0,0,0,0,0,0,0,0,0,0,0,0,0
2/11/2018 14:00,1,0,0,0,0,0,0,0,0,0,0,0,0,0,0,0
6/11/2018 4:00,1,0,0,0,0,0,0,0,0,0,0,0,0,0,0,0
6/11/2018 5:00,1,0,0,0,0,0,0,0,0,0,0,0,0,0,0,0
6/11/2018 6:00,1,0,0,0,0,0,0,0,0,0,0,0,0,0,0,0
6/11/2018 7:00,1,0,0,0,0,0,0,0,0,0,0,0,0,0,0,0
6/11/2018 8:00,1,0,0,0,0,0,0,0,0,0,0,0,0,0,0,0
6/11/2018 9:00,1,0,0,0,0,0,0,0,0,0,0,0,0,0,0,0
6/11/2018 10:00,1,0,0,0,0,0,0,0,0,0,0,0,0,0,0,0
6/11/2018 11:00,1,0,0,0,0,0,0,0,0,0,0,0,0,0,0,0
6/11/2018 12:00,1,0,0,0,0,0,0,0,0,0,0,0,0,0,0,0
6/11/2018 13:00,1,0,0,0,0,0,0,0,0,0,0,0,0,0,0,0
6/11/2018 14:00,1,0,0,0,0,0,0,0,0,0,0,0,0,0,0,0
6/11/2018 15:00,1,0,0,0,0,0,0,0,0,0,0,0,0,0,0,0
6/11/2018 17:00,1,0,0,0,0,0,0,0,0,0,0,0,0,0,0,0
6/11/2018 18:00,1,0,0,0,0,0,0,0,0,0,0,0,0,0,0,0
6/11/2018 19:00,1,0,0,0,0,0,0,0,0,0,0,0,0,0,0,0
6/11/2018 20:00,1,0,0,0,0,0,0,0,0,0,0,0,0,0,0,0
6/11/2018 21:00,1,0,0,0,0,0,0,0,0,0,0,0,0,0,0,0
6/11/2018 22:00,1,0,0,0,0,0,0,0,0,0,0,0,0,0,0,0
7/11/2018 8:00,1,0,0,0,0,0,0,0,0,0,0,0,0,0,0,0
7/11/2018 9:00,1,0,0,0,0,0,0,0,0,0,0,0,0,0,0,0
7/11/2018 10:00,1,0,0,0,0,0,0,0,0,0,0,0,0,0,0,0
7/11/2018 11:00,1,0,0,0,0,0,0,0,0,0,0,0,0,0,0,0
7/11/2018 12:00,1,0,0,0,0,0,0,0,0,0,0,0,0,0,0,0
7/11/2018 13:00,1,0,0,0,0,0,0,0,0,0,0,0,0,0,0,0
7/11/2018 14:00,1,0,0,0,0,0,0,0,0,0,0,0,0,0,0,0
7/11/2018 15:00,1,0,0,0,0,0,0,0,0,0,0,0,0,0,0,0
7/11/2018 16:00,1,0,0,0,0,0,0,0,0,0,0,0,0,0,0,0
7/11/2018 17:00,1,0,0,0,0,0,0,0,0,0,0,0,0,0,0,0
7/11/2018 18:00,1,0,0,0,0,0,0,0,0,0,0,0,0,0,0,0
7/11/2018 19:00,1,0,0,0,0,0,0,0,0,0,0,0,0,0,0,0
8/11/2018 3:00,1,0,0,0,0,0,0,0,0,0,0,0,0,0,0,0
8/11/2018 4:00,1,0,0,0,0,0,0,0,0,0,0,0,0,0,0,0
10/11/2018 17:00,1,0,0,0,0,0,0,0,0,0,0,0,0,0,0,0
10/11/2018 18:00,1,0,0,0,0,0,0,0,0,0,0,0,0,0,0,0
10/11/2018 19:00,1,0,0,0,0,0,0,0,0,0,0,0,0,0,0,0
10/11/2018 20:00,1,0,0,0,0,0,0,0,0,0,0,0,0,0,0,0
10/11/2018 21:00,1,0,0,0,0,0,0,0,0,0,0,0,0,0,0,0
10/11/2018 22:00,1,0,0,0,0,0,0,0,0,0,0,0,0,0,0,0
10/11/2018 23:00,1,0,0,0,0,0,0,0,0,0,0,0,0,0,0,0
11/11/2018 0:00,1,0,0,0,0,0,0,0,0,0,0,0,0,0,0,0
11/11/2018 1:00,1,0,0,0,0,0,0,0,0,0,0,0,0,0,0,0
11/11/2018 2:00,1,0,0,0,0,0,0,0,0,0,0,0,0,0,0,0
11/11/2018 3:00,1,0,0,0,0,0,0,0,0,0,0,0,0,0,0,0
11/11/2018 4:00,1,0,0,0,0,0,0,0,0,0,0,0,0,0,0,0
11/11/2018 5:00,1,0,0,0,0,0,0,0,0,0,0,0,0,0,0,0
11/11/2018 6:00,1,0,0,0,0,0,0,0,0,0,0,0,0,0,0,0
11/11/2018 7:00,1,0,0,0,0,0,0,0,0,0,0,0,0,0,0,0
11/11/2018 8:00,1,0,0,0,0,0,0,0,0,0,0,0,0,0,0,0
11/11/2018 9:00,1,0,0,0,0,0,0,0,0,0,0,0,0,0,0,0
11/11/2018 10:00,1,0,0,0,0,0,0,0,0,0,0,0,0,0,0,0
11/11/2018 11:00,1,0,0,0,0,0,0,0,0,0,0,0,0,0,0,0
11/11/2018 12:00,1,0,0,0,0,0,0,0,0,0,0,0,0,0,0,0
11/11/2018 13:00,1,0,0,0,0,0,0,0,0,0,0,0,0,0,0,0
11/11/2018 14:00,1,0,0,0,0,0,0,0,0,0,0,0,0,0,0,0
11/11/2018 15:00,1,0,0,0,0,0,0,0,0,0,0,0,0,0,0,0
11/11/2018 16:00,1,0,0,0,0,0,0,0,0,0,0,0,0,0,0,0
11/11/2018 17:00,1,0,0,0,0,0,0,0,0,0,0,0,0,0,0,0
11/11/2018 18:00,1,0,0,0,0,0,0,0,0,0,0,0,0,0,0,0
11/11/2018 19:00,1,0,0,0,0,0,0,0,0,0,0,0,0,0,0,0
11/11/2018 20:00,1,0,0,0,0,0,0,0,0,0,0,0,0,0,0,0
11/11/2018 21:00,1,0,0,0,0,0,0,0,0,0,0,0,0,0,0,0
11/11/2018 22:00,1,0,0,0,0,0,0,0,0,0,0,0,0,0,0,0
11/11/2018 23:00,1,0,0,0,0,0,0,0,0,0,0,0,0,0,0,0
12/11/2018 0:00,1,0,0,0,0,0,0,0,0,0,0,0,0,0,0,0
12/11/2018 1:00,1,0,0,0,0,0,0,0,0,0,0,0,0,0,0,0
12/11/2018 2:00,1,0,0,0,0,0,0,0,0,0,0,0,0,0,0,0
12/11/2018 3:00,1,0,0,0,0,0,0,0,0,0,0,0,0,0,0,0
12/11/2018 4:00,1,0,0,0,0,0,0,0,0,0,0,0,0,0,0,0
12/11/2018 5:00,1,0,0,0,0,0,0,0,0,0,0,0,0,0,0,0
12/11/2018 6:00,1,0,0,0,0,0,0,0,0,0,0,0,0,0,0,0
12/11/2018 7:00,1,0,0,0,0,0,0,0,0,0,0,0,0,0,0,0
12/11/2018 8:00,1,0,0,0,0,0,0,0,0,0,0,0,0,0,0,0
12/11/2018 9:00,1,0,0,0,0,0,0,0,0,0,0,0,0,0,0,0
12/11/2018 10:00,1,0,0,0,0,0,0,0,0,0,0,0,0,0,0,0
12/11/2018 11:00,1,0,0,0,0,0,0,0,0,0,0,0,0,0,0,0
12/11/2018 12:00,1,0,0,0,0,0,0,0,0,0,0,0,0,0,0,0
12/11/2018 13:00,1,0,0,0,0,0,0,0,0,0,0,0,0,0,0,0
12/11/2018 14:00,1,0,0,0,0,0,0,0,0,0,0,0,0,0,0,0
12/11/2018 15:00,1,0,0,0,0,0,0,0,0,0,0,0,0,0,0,0
12/11/2018 16:00,1,0,0,0,0,0,0,0,0,0,0,0,0,0,0,0
12/11/2018 17:00,1,0,0,0,0,0,0,0,0,0,0,0,0,0,0,0
12/11/2018 18:00,1,0,0,0,0,0,0,0,0,0,0,0,0,0,0,0
12/11/2018 19:00,1,0,0,0,0,0,0,0,0,0,0,0,0,0,0,0
12/11/2018 20:00,1,0,0,0,0,0,0,0,0,0,0,0,0,0,0,0
12/11/2018 21:00,1,0,0,0,0,0,0,0,0,0,0,0,0,0,0,0
12/11/2018 22:00,1,0,0,0,0,0,0,0,0,0,0,0,0,0,0,0
12/11/2018 23:00,1,0,0,0,0,0,0,0,0,0,0,0,0,0,0,0
13/11/18 00:00,1,0,0,0,0,0,0,0,0,0,0,0,0,0,0,0
13/11/18 01:00,1,0,0,0,0,0,0,0,0,0,0,0,0,0,0,0
13/11/18 02:00,1,0,0,0,0,0,0,0,0,0,0,0,0,0,0,0
13/11/18 03:00,1,0,0,0,0,0,0,0,0,0,0,0,0,0,0,0
13/11/18 04:00,1,0,0,0,0,0,0,0,0,0,0,0,0,0,0,0
13/11/18 05:00,1,0,0,0,0,0,0,0,0,0,0,0,0,0,0,0
13/11/18 06:00,1,0,0,0,0,0,0,0,0,0,0,0,0,0,0,0
13/11/18 07:00,1,0,0,0,0,0,0,0,0,0,0,0,0,0,0,0
13/11/18 08:00,1,0,0,0,0,0,0,0,0,0,0,0,0,0,0,0
13/11/18 09:00,1,0,0,0,0,0,0,0,0,0,0,0,0,0,0,0
13/11/18 10:00,1,0,0,0,0,0,0,0,0,0,0,0,0,0,0,0
13/11/18 11:00,1,0,0,0,0,0,0,0,0,0,0,0,0,0,0,0
13/11/18 12:00,1,0,0,0,0,0,0,0,0,0,0,0,0,0,0,0
13/11/18 13:00,1,0,0,0,0,0,0,0,0,0,0,0,0,0,0,0
13/11/18 14:00,1,0,0,0,0,0,0,0,0,0,0,0,0,0,0,0
13/11/18 15:00,1,0,0,0,0,0,0,0,0,0,0,0,0,0,0,0
13/11/18 16:00,1,0,0,0,0,0,0,0,0,0,0,0,0,0,0,0
13/11/18 17:00,1,0,0,0,0,0,0,0,0,0,0,0,0,0,0,0
13/11/18 18:00,1,0,0,0,0,0,0,0,0,0,0,0,0,0,0,0
13/11/18 19:00,1,0,0,0,0,0,0,0,0,0,0,0,0,0,0,0
13/11/18 20:00,1,0,0,0,0,0,0,0,0,0,0,0,0,0,0,0
13/11/18 21:00,1,0,0,0,0,0,0,0,0,0,0,0,0,0,0,0
13/11/18 22:00,1,0,0,0,0,0,0,0,0,0,0,0,0,0,0,0
13/11/18 23:00,1,0,0,0,0,0,0,0,0,0,0,0,0,0,0,0
14/11/18 00:00,1,0,0,0,0,0,0,0,0,0,0,0,0,0,0,0
14/11/18 01:00,1,0,0,0,0,0,0,0,0,0,0,0,0,0,0,0
14/11/18 02:00,1,0,0,0,0,0,0,0,0,0,0,0,0,0,0,0
14/11/18 03:00,1,0,0,0,0,0,0,0,0,0,0,0,0,0,0,0
14/11/18 04:00,1,0,0,0,0,0,0,0,0,0,0,0,0,0,0,0
14/11/18 05:00,1,0,0,0,0,0,0,0,0,0,0,0,0,0,0,0
14/11/18 06:00,1,0,0,0,0,0,0,0,0,0,0,0,0,0,0,0
14/11/18 07:00,1,0,0,0,0,0,0,0,0,0,0,0,0,0,0,0
14/11/18 08:00,1,0,0,0,0,0,0,0,0,0,0,0,0,0,0,0
14/11/18 09:00,1,0,0,0,0,0,0,0,0,0,0,0,0,0,0,0
14/11/18 10:00,1,0,0,0,0,0,0,0,0,0,0,0,0,0,0,0
14/11/18 11:00,1,0,0,0,0,0,0,0,0,0,0,0,0,0,0,0
14/11/18 12:00,1,0,0,0,0,0,0,0,0,0,0,0,0,0,0,0
14/11/18 13:00,1,0,0,0,0,0,0,0,0,0,0,0,0,0,0,0
14/11/18 14:00,1,0,0,0,0,0,0,0,0,0,0,0,0,0,0,0
14/11/18 15:00,1,0,0,0,0,0,0,0,0,0,0,0,0,0,0,0
14/11/18 16:00,1,0,0,0,0,0,0,0,0,0,0,0,0,0,0,0
14/11/18 17:00,1,0,0,0,0,0,0,0,0,0,0,0,0,0,0,0
14/11/18 18:00,1,0,0,0,0,0,0,0,0,0,0,0,0,0,0,0
14/11/18 19:00,1,0,0,0,0,0,0,0,0,0,0,0,0,0,0,0
14/11/18 20:00,1,0,0,0,0,0,0,0,0,0,0,0,0,0,0,0
14/11/18 21:00,1,0,0,0,0,0,0,0,0,0,0,0,0,0,0,0
14/11/18 22:00,1,0,0,0,0,0,0,0,0,0,0,0,0,0,0,0
14/11/18 23:00,1,0,0,0,0,0,0,0,0,0,0,0,0,0,0,0
15/11/18 01:00,1,0,0,0,0,0,0,0,0,0,0,0,0,0,0,0
15/11/18 02:00,1,0,0,0,0,0,0,0,0,0,0,0,0,0,0,0
15/11/18 03:00,1,0,0,0,0,0,0,0,0,0,0,0,0,0,0,0
15/11/18 04:00,1,0,0,0,0,0,0,0,0,0,0,0,0,0,0,0
15/11/18 05:00,1,0,0,0,0,0,0,0,0,0,0,0,0,0,0,0
15/11/18 06:00,1,0,0,0,0,0,0,0,0,0,0,0,0,0,0,0
15/11/18 07:00,1,0,0,0,0,0,0,0,0,0,0,0,0,0,0,0
15/11/18 08:00,1,0,0,0,0,0,0,0,0,0,0,0,0,0,0,0
15/11/18 09:00,1,0,0,0,0,0,0,0,0,0,0,0,0,0,0,0
15/11/18 10:00,1,0,0,0,0,0,0,0,0,0,0,0,0,0,0,0
15/11/18 11:00,1,0,0,0,0,0,0,0,0,0,0,0,0,0,0,0
15/11/18 12:00,1,0,0,0,0,0,0,0,0,0,0,0,0,0,0,0
15/11/18 13:00,1,0,0,0,0,0,0,0,0,0,0,0,0,0,0,0
15/11/18 14:00,1,0,0,0,0,0,0,0,0,0,0,0,0,0,0,0
15/11/18 15:00,1,0,0,0,0,0,0,0,0,0,0,0,0,0,0,0
15/11/18 16:00,1,0,0,0,0,0,0,0,0,0,0,0,0,0,0,0
15/11/18 17:00,1,0,0,0,0,0,0,0,0,0,0,0,0,0,0,0
15/11/18 18:00,1,0,0,0,0,0,0,0,0,0,0,0,0,0,0,0
15/11/18 19:00,1,0,0,0,0,0,0,0,0,0,0,0,0,0,0,0
15/11/18 20:00,1,0,0,0,0,0,0,0,0,0,0,0,0,0,0,0
15/11/18 21:00,1,0,0,0,0,0,0,0,0,0,0,0,0,0,0,0
15/11/18 22:00,1,0,0,0,0,0,0,0,0,0,0,0,0,0,0,0
15/11/18 23:00,1,0,0,0,0,0,0,0,0,0,0,0,0,0,0,0
16/11/18 00:00,1,0,0,0,0,0,0,0,0,0,0,0,0,0,0,0
16/11/18 01:00,1,0,0,0,0,0,0,0,0,0,0,0,0,0,0,0
16/11/18 02:00,1,0,0,0,0,0,0,0,0,0,0,0,0,0,0,0
16/11/18 03:00,1,0,0,0,0,0,0,0,0,0,0,0,0,0,0,0
16/11/18 04:00,1,0,0,0,0,0,0,0,0,0,0,0,0,0,0,0
16/11/18 05:00,1,0,0,0,0,0,0,0,0,0,0,0,0,0,0,0
16/11/18 06:00,1,0,0,0,0,0,0,0,0,0,0,0,0,0,0,0
16/11/18 07:00,1,0,0,0,0,0,0,0,0,0,0,0,0,0,0,0
16/11/18 08:00,1,0,0,0,0,0,0,0,0,0,0,0,0,0,0,0
16/11/18 09:00,1,0,0,0,0,0,0,0,0,0,0,0,0,0,0,0
16/11/18 16:00,1,0,0,0,0,0,0,0,0,0,0,0,0,0,0,0
16/11/18 17:00,1,0,0,0,0,0,0,0,0,0,0,0,0,0,0,0
16/11/18 18:00,1,0,0,0,0,0,0,0,0,0,0,0,0,0,0,0
16/11/18 19:00,1,0,0,0,0,0,0,0,0,0,0,0,0,0,0,0
16/11/18 20:00,1,0,0,0,0,0,0,0,0,0,0,0,0,0,0,0
16/11/18 21:00,1,0,0,0,0,0,0,0,0,0,0,0,0,0,0,0
16/11/18 22:00,1,0,0,0,0,0,0,0,0,0,0,0,0,0,0,0
16/11/18 23:00,1,0,0,0,0,0,0,0,0,0,0,0,0,0,0,0
17/11/18 01:00,1,0,0,0,0,0,0,0,0,0,0,0,0,0,0,0
17/11/18 02:00,1,0,0,0,0,0,0,0,0,0,0,0,0,0,0,0
17/11/18 03:00,1,0,0,0,0,0,0,0,0,0,0,0,0,0,0,0
17/11/18 04:00,1,0,0,0,0,0,0,0,0,0,0,0,0,0,0,0
17/11/18 05:00,1,0,0,0,0,0,0,0,0,0,0,0,0,0,0,0
17/11/18 06:00,1,0,0,0,0,0,0,0,0,0,0,0,0,0,0,0
17/11/18 07:00,1,0,0,0,0,0,0,0,0,0,0,0,0,0,0,0
17/11/18 08:00,1,0,0,0,0,0,0,0,0,0,0,0,0,0,0,0
17/11/18 09:00,1,0,0,0,0,0,0,0,0,0,0,0,0,0,0,0
17/11/18 10:00,1,0,0,0,0,0,0,0,0,0,0,0,0,0,0,0
17/11/18 11:00,1,0,0,0,0,0,0,0,0,0,0,0,0,0,0,0
17/11/18 12:00,1,0,0,0,0,0,0,0,0,0,0,0,0,0,0,0
17/11/18 13:00,1,0,0,0,0,0,0,0,0,0,0,0,0,0,0,0
17/11/18 14:00,1,0,0,0,0,0,0,0,0,0,0,0,0,0,0,0
17/11/18 15:00,1,0,0,0,0,0,0,0,0,0,0,0,0,0,0,0
17/11/18 16:00,1,0,0,0,0,0,0,0,0,0,0,0,0,0,0,0
17/11/18 17:00,1,0,0,0,0,0,0,0,0,0,0,0,0,0,0,0
17/11/18 18:00,1,0,0,0,0,0,0,0,0,0,0,0,0,0,0,0
17/11/18 19:00,1,0,0,0,0,0,0,0,0,0,0,0,0,0,0,0
17/11/18 20:00,1,0,0,0,0,0,0,0,0,0,0,0,0,0,0,0
17/11/18 21:00,1,0,0,0,0,0,0,0,0,0,0,0,0,0,0,0
17/11/18 22:00,1,0,0,0,0,0,0,0,0,0,0,0,0,0,0,0
17/11/18 23:00,1,0,0,0,0,0,0,0,0,0,0,0,0,0,0,0
18/11/18 00:00,1,0,0,0,0,0,0,0,0,0,0,0,0,0,0,0
18/11/18 01:00,1,0,0,0,0,0,0,0,0,0,0,0,0,0,0,0
18/11/18 02:00,1,0,0,0,0,0,0,0,0,0,0,0,0,0,0,0
18/11/18 03:00,1,0,0,0,0,0,0,0,0,0,0,0,0,0,0,0
21/11/18 18:00,1,0,0,0,0,0,0,0,0,0,0,0,0,0,0,0
21/11/18 19:00,1,0,0,0,0,0,0,0,0,0,0,0,0,0,0,0
21/11/18 20:00,1,0,0,0,0,0,0,0,0,0,0,0,0,0,0,0
21/11/18 21:00,1,0,0,0,0,0,0,0,0,0,0,0,0,0,0,0
21/11/18 22:00,1,0,0,0,0,0,0,0,0,0,0,0,0,0,0,0
21/11/18 23:00,1,0,0,0,0,0,0,0,0,0,0,0,0,0,0,0
22/11/18 00:00,1,0,0,0,0,0,0,0,0,0,0,0,0,0,0,0
22/11/18 01:00,1,0,0,0,0,0,0,0,0,0,0,0,0,0,0,0
22/11/18 02:00,1,0,0,0,0,0,0,0,0,0,0,0,0,0,0,0
22/11/18 03:00,1,0,0,0,0,0,0,0,0,0,0,0,0,0,0,0
22/11/18 04:00,1,0,0,0,0,0,0,0,0,0,0,0,0,0,0,0
22/11/18 05:00,1,0,0,0,0,0,0,0,0,0,0,0,0,0,0,0
22/11/18 06:00,1,0,0,0,0,0,0,0,0,0,0,0,0,0,0,0
22/11/18 07:00,1,0,0,0,0,0,0,0,0,0,0,0,0,0,0,0
22/11/18 08:00,1,0,0,0,0,0,0,0,0,0,0,0,0,0,0,0
22/11/18 09:00,1,0,0,0,0,0,0,0,0,0,0,0,0,0,0,0
22/11/18 10:00,1,0,0,0,0,0,0,0,0,0,0,0,0,0,0,0
22/11/18 11:00,1,0,0,0,0,0,0,0,0,0,0,0,0,0,0,0
22/11/18 12:00,1,0,0,0,0,0,0,0,0,0,0,0,0,0,0,0
22/11/18 13:00,1,0,0,0,0,0,0,0,0,0,0,0,0,0,0,0
22/11/18 14:00,1,0,0,0,0,0,0,0,0,0,0,0,0,0,0,0
22/11/18 15:00,1,0,0,0,0,0,0,0,0,0,0,0,0,0,0,0
22/11/18 16:00,1,0,0,0,0,0,0,0,0,0,0,0,0,0,0,0
22/11/18 17:00,1,0,0,0,0,0,0,0,0,0,0,0,0,0,0,0
22/11/18 18:00,1,0,0,0,0,0,0,0,0,0,0,0,0,0,0,0
22/11/18 19:00,1,0,0,0,0,0,0,0,0,0,0,0,0,0,0,0
22/11/18 20:00,1,0,0,0,0,0,0,0,0,0,0,0,0,0,0,0
22/11/18 21:00,1,0,0,0,0,0,0,0,0,0,0,0,0,0,0,0
22/11/18 22:00,1,0,0,0,0,0,0,0,0,0,0,0,0,0,0,0
22/11/18 23:00,1,0,0,0,0,0,0,0,0,0,0,0,0,0,0,0
23/11/18 00:00,1,0,0,0,0,0,0,0,0,0,0,0,0,0,0,0
23/11/18 01:00,1,0,0,0,0,0,0,0,0,0,0,0,0,0,0,0
23/11/18 02:00,1,0,0,0,0,0,0,0,0,0,0,0,0,0,0,0
23/11/18 03:00,1,0,0,0,0,0,0,0,0,0,0,0,0,0,0,0
23/11/18 04:00,1,0,0,0,0,0,0,0,0,0,0,0,0,0,0,0
23/11/18 05:00,1,0,0,0,0,0,0,0,0,0,0,0,0,0,0,0
23/11/18 06:00,1,0,0,0,0,0,0,0,0,0,0,0,0,0,0,0
23/11/18 07:00,1,0,0,0,0,0,0,0,0,0,0,0,0,0,0,0
23/11/18 08:00,1,0,0,0,0,0,0,0,0,0,0,0,0,0,0,0
23/11/18 09:00,1,0,0,0,0,0,0,0,0,0,0,0,0,0,0,0
23/11/18 10:00,1,0,0,0,0,0,0,0,0,0,0,0,0,0,0,0
23/11/18 11:00,1,0,0,0,0,0,0,0,0,0,0,0,0,0,0,0
23/11/18 12:00,1,0,0,0,0,0,0,0,0,0,0,0,0,0,0,0
23/11/18 13:00,1,0,0,0,0,0,0,0,0,0,0,0,0,0,0,0
23/11/18 14:00,1,0,0,0,0,0,0,0,0,0,0,0,0,0,0,0
23/11/18 15:00,1,0,0,0,0,0,0,0,0,0,0,0,0,0,0,0
23/11/18 16:00,1,0,0,0,0,0,0,0,0,0,0,0,0,0,0,0
23/11/18 17:00,1,0,0,0,0,0,0,0,0,0,0,0,0,0,0,0
23/11/18 18:00,1,0,0,0,0,0,0,0,0,0,0,0,0,0,0,0
23/11/18 19:00,1,0,0,0,0,0,0,0,0,0,0,0,0,0,0,0
23/11/18 20:00,1,0,0,0,0,0,0,0,0,0,0,0,0,0,0,0
23/11/18 21:00,1,0,0,0,0,0,0,0,0,0,0,0,0,0,0,0
23/11/18 22:00,1,0,0,0,0,0,0,0,0,0,0,0,0,0,0,0
23/11/18 23:00,1,0,0,0,0,0,0,0,0,0,0,0,0,0,0,0
24/11/18 00:00,1,0,0,0,0,0,0,0,0,0,0,0,0,0,0,0
24/11/18 01:00,1,0,0,0,0,0,0,0,0,0,0,0,0,0,0,0
24/11/18 02:00,1,0,0,0,0,0,0,0,0,0,0,0,0,0,0,0
24/11/18 03:00,1,0,0,0,0,0,0,0,0,0,0,0,0,0,0,0
24/11/18 04:00,1,0,0,0,0,0,0,0,0,0,0,0,0,0,0,0
24/11/18 05:00,1,0,0,0,0,0,0,0,0,0,0,0,0,0,0,0
24/11/18 06:00,1,0,0,0,0,0,0,0,0,0,0,0,0,0,0,0
24/11/18 07:00,1,0,0,0,0,0,0,0,0,0,0,0,0,0,0,0
24/11/18 08:00,1,0,0,0,0,0,0,0,0,0,0,0,0,0,0,0
24/11/18 09:00,1,0,0,0,0,0,0,0,0,0,0,0,0,0,0,0
24/11/18 10:00,1,0,0,0,0,0,0,0,0,0,0,0,0,0,0,0
24/11/18 11:00,1,0,0,0,0,0,0,0,0,0,0,0,0,0,0,0
24/11/18 12:00,1,0,0,0,0,0,0,0,0,0,0,0,0,0,0,0
24/11/18 13:00,1,0,0,0,0,0,0,0,0,0,0,0,0,0,0,0
24/11/18 14:00,1,0,0,0,0,0,0,0,0,0,0,0,0,0,0,0
24/11/18 15:00,1,0,0,0,0,0,0,0,0,0,0,0,0,0,0,0
24/11/18 16:00,1,0,0,0,0,0,0,0,0,0,0,0,0,0,0,0
24/11/18 17:00,1,0,0,0,0,0,0,0,0,0,0,0,0,0,0,0
24/11/18 18:00,1,0,0,0,0,0,0,0,0,0,0,0,0,0,0,0
24/11/18 19:00,1,0,0,0,0,0,0,0,0,0,0,0,0,0,0,0
24/11/18 20:00,1,0,0,0,0,0,0,0,0,0,0,0,0,0,0,0
24/11/18 21:00,1,0,0,0,0,0,0,0,0,0,0,0,0,0,0,0
24/11/18 22:00,1,0,0,0,0,0,0,0,0,0,0,0,0,0,0,0
24/11/18 23:00,1,0,0,0,0,0,0,0,0,0,0,0,0,0,0,0
25/11/18 00:00,1,0,0,0,0,0,0,0,0,0,0,0,0,0,0,0
25/11/18 01:00,1,0,0,0,0,0,0,0,0,0,0,0,0,0,0,0
25/11/18 02:00,1,0,0,0,0,0,0,0,0,0,0,0,0,0,0,0
25/11/18 03:00,1,0,0,0,0,0,0,0,0,0,0,0,0,0,0,0
25/11/18 04:00,1,0,0,0,0,0,0,0,0,0,0,0,0,0,0,0
25/11/18 05:00,1,0,0,0,0,0,0,0,0,0,0,0,0,0,0,0
25/11/18 06:00,1,0,0,0,0,0,0,0,0,0,0,0,0,0,0,0
25/11/18 07:00,1,0,0,0,0,0,0,0,0,0,0,0,0,0,0,0
25/11/18 08:00,1,0,0,0,0,0,0,0,0,0,0,0,0,0,0,0
25/11/18 09:00,1,0,0,0,0,0,0,0,0,0,0,0,0,0,0,0
25/11/18 10:00,1,0,0,0,0,0,0,0,0,0,0,0,0,0,0,0
25/11/18 11:00,1,0,0,0,0,0,0,0,0,0,0,0,0,0,0,0
25/11/18 12:00,1,0,0,0,0,0,0,0,0,0,0,0,0,0,0,0
25/11/18 13:00,1,0,0,0,0,0,0,0,0,0,0,0,0,0,0,0
25/11/18 14:00,1,0,0,0,0,0,0,0,0,0,0,0,0,0,0,0
25/11/18 15:00,1,0,0,0,0,0,0,0,0,0,0,0,0,0,0,0
25/11/18 16:00,1,0,0,0,0,0,0,0,0,0,0,0,0,0,0,0
25/11/18 17:00,1,0,0,0,0,0,0,0,0,0,0,0,0,0,0,0
25/11/18 18:00,1,0,0,0,0,0,0,0,0,0,0,0,0,0,0,0
25/11/18 19:00,1,0,0,0,0,0,0,0,0,0,0,0,0,0,0,0
25/11/18 20:00,1,0,0,0,0,0,0,0,0,0,0,0,0,0,0,0
25/11/18 21:00,1,0,0,0,0,0,0,0,0,0,0,0,0,0,0,0
25/11/18 22:00,1,0,0,0,0,0,0,0,0,0,0,0,0,0,0,0
25/11/18 23:00,1,0,0,0,0,0,0,0,0,0,0,0,0,0,0,0
26/11/18 00:00,1,0,0,0,0,0,0,0,0,0,0,0,0,0,0,0
26/11/18 01:00,1,0,0,0,0,0,0,0,0,0,0,0,0,0,0,0
26/11/18 02:00,1,0,0,0,0,0,0,0,0,0,0,0,0,0,0,0
26/11/18 03:00,1,0,0,0,0,0,0,0,0,0,0,0,0,0,0,0
26/11/18 04:00,1,0,0,0,0,0,0,0,0,0,0,0,0,0,0,0
26/11/18 05:00,1,0,0,0,0,0,0,0,0,0,0,0,0,0,0,0
26/11/18 06:00,1,0,0,0,0,0,0,0,0,0,0,0,0,0,0,0
26/11/18 07:00,1,0,0,0,0,0,0,0,0,0,0,0,0,0,0,0
26/11/18 08:00,1,0,0,0,0,0,0,0,0,0,0,0,0,0,0,0
26/11/18 09:00,1,0,0,0,0,0,0,0,0,0,0,0,0,0,0,0
26/11/18 10:00,1,0,0,0,0,0,0,0,0,0,0,0,0,0,0,0
26/11/18 11:00,1,0,0,0,0,0,0,0,0,0,0,0,0,0,0,0
26/11/18 12:00,1,0,0,0,0,0,0,0,0,0,0,0,0,0,0,0
26/11/18 13:00,1,0,0,0,0,0,0,0,0,0,0,0,0,0,0,0
26/11/18 14:00,1,0,0,0,0,0,0,0,0,0,0,0,0,0,0,0
29/11/18 19:00,1,0,0,0,0,0,0,0,0,0,0,0,0,0,0,0
29/11/18 20:00,1,0,0,0,0,0,0,0,0,0,0,0,0,0,0,0
29/11/18 21:00,1,0,0,0,0,0,0,0,0,0,0,0,0,0,0,0
29/11/18 22:00,1,0,0,0,0,0,0,0,0,0,0,0,0,0,0,0
29/11/18 23:00,1,0,0,0,0,0,0,0,0,0,0,0,0,0,0,0
30/11/18 00:00,1,0,0,0,0,0,0,0,0,0,0,0,0,0,0,0
30/11/18 01:00,1,0,0,0,0,0,0,0,0,0,0,0,0,0,0,0
30/11/18 02:00,1,0,0,0,0,0,0,0,0,0,0,0,0,0,0,0
30/11/18 03:00,1,0,0,0,0,0,0,0,0,0,0,0,0,0,0,0
30/11/18 04:00,1,0,0,0,0,0,0,0,0,0,0,0,0,0,0,0
30/11/18 05:00,1,0,0,0,0,0,0,0,0,0,0,0,0,0,0,0
30/11/18 06:00,1,0,0,0,0,0,0,0,0,0,0,0,0,0,0,0
30/11/18 07:00,1,0,0,0,0,0,0,0,0,0,0,0,0,0,0,0
30/11/18 08:00,1,0,0,0,0,0,0,0,0,0,0,0,0,0,0,0
30/11/18 09:00,1,0,0,0,0,0,0,0,0,0,0,0,0,0,0,0
30/11/18 10:00,1,0,0,0,0,0,0,0,0,0,0,0,0,0,0,0
30/11/18 11:00,1,0,0,0,0,0,0,0,0,0,0,0,0,0,0,0
30/11/18 12:00,1,0,0,0,0,0,0,0,0,0,0,0,0,0,0,0
30/11/18 13:00,1,0,0,0,0,0,0,0,0,0,0,0,0,0,0,0
30/11/18 14:00,1,0,0,0,0,0,0,0,0,0,0,0,0,0,0,0
30/11/18 15:00,1,0,0,0,0,0,0,0,0,0,0,0,0,0,0,0
30/11/18 16:00,1,0,0,0,0,0,0,0,0,0,0,0,0,0,0,0
30/11/18 17:00,1,0,0,0,0,0,0,0,0,0,0,0,0,0,0,0
30/11/18 18:00,1,0,0,0,0,0,0,0,0,0,0,0,0,0,0,0
30/11/18 19:00,1,0,0,0,0,0,0,0,0,0,0,0,0,0,0,0
30/11/18 20:00,1,0,0,0,0,0,0,0,0,0,0,0,0,0,0,0
30/11/18 23:00,1,0,0,0,0,0,0,0,0,0,0,0,0,0,0,0
1/12/2018 0:00,1,0,0,0,0,0,0,0,0,0,0,0,0,0,0,0
1/12/2018 1:00,1,0,0,0,0,0,0,0,0,0,0,0,0,0,0,0
1/12/2018 2:00,1,0,0,0,0,0,0,0,0,0,0,0,0,0,0,0
1/12/2018 3:00,1,0,0,0,0,0,0,0,0,0,0,0,0,0,0,0
1/12/2018 4:00,1,0,0,0,0,0,0,0,0,0,0,0,0,0,0,0
1/12/2018 5:00,1,0,0,0,0,0,0,0,0,0,0,0,0,0,0,0
1/12/2018 6:00,1,0,0,0,0,0,0,0,0,0,0,0,0,0,0,0
1/12/2018 7:00,1,0,0,0,0,0,0,0,0,0,0,0,0,0,0,0
1/12/2018 8:00,1,0,0,0,0,0,0,0,0,0,0,0,0,0,0,0
1/12/2018 9:00,1,0,0,0,0,0,0,0,0,0,0,0,0,0,0,0
1/12/2018 10:00,1,0,0,0,0,0,0,0,0,0,0,0,0,0,0,0
1/12/2018 11:00,1,0,0,0,0,0,0,0,0,0,0,0,0,0,0,0
1/12/2018 12:00,1,0,0,0,0,0,0,0,0,0,0,0,0,0,0,0
1/12/2018 13:00,1,0,0,0,0,0,0,0,0,0,0,0,0,0,0,0
1/12/2018 14:00,1,0,0,0,0,0,0,0,0,0,0,0,0,0,0,0
1/12/2018 15:00,1,0,0,0,0,0,0,0,0,0,0,0,0,0,0,0
1/12/2018 16:00,1,0,0,0,0,0,0,0,0,0,0,0,0,0,0,0
1/12/2018 17:00,1,0,0,0,0,0,0,0,0,0,0,0,0,0,0,0
1/12/2018 18:00,1,0,0,0,0,0,0,0,0,0,0,0,0,0,0,0
1/12/2018 19:00,1,0,0,0,0,0,0,0,0,0,0,0,0,0,0,0
1/12/2018 20:00,1,0,0,0,0,0,0,0,0,0,0,0,0,0,0,0
1/12/2018 21:00,1,0,0,0,0,0,0,0,0,0,0,0,0,0,0,0
1/12/2018 22:00,1,0,0,0,0,0,0,0,0,0,0,0,0,0,0,0
1/12/2018 23:00,1,0,0,0,0,0,0,0,0,0,0,0,0,0,0,0
2/12/2018 0:00,1,0,0,0,0,0,0,0,0,0,0,0,0,0,0,0
2/12/2018 1:00,1,0,0,0,0,0,0,0,0,0,0,0,0,0,0,0
2/12/2018 2:00,1,0,0,0,0,0,0,0,0,0,0,0,0,0,0,0
2/12/2018 3:00,1,0,0,0,0,0,0,0,0,0,0,0,0,0,0,0
2/12/2018 4:00,1,0,0,0,0,0,0,0,0,0,0,0,0,0,0,0
2/12/2018 5:00,1,0,0,0,0,0,0,0,0,0,0,0,0,0,0,0
2/12/2018 6:00,1,0,0,0,0,0,0,0,0,0,0,0,0,0,0,0
2/12/2018 7:00,1,0,0,0,0,0,0,0,0,0,0,0,0,0,0,0
2/12/2018 8:00,1,0,0,0,0,0,0,0,0,0,0,0,0,0,0,0
2/12/2018 9:00,1,0,0,0,0,0,0,0,0,0,0,0,0,0,0,0
2/12/2018 10:00,1,0,0,0,0,0,0,0,0,0,0,0,0,0,0,0
2/12/2018 11:00,1,0,0,0,0,0,0,0,0,0,0,0,0,0,0,0
2/12/2018 12:00,1,0,0,0,0,0,0,0,0,0,0,0,0,0,0,0
2/12/2018 13:00,1,0,0,0,0,0,0,0,0,0,0,0,0,0,0,0
2/12/2018 14:00,1,0,0,0,0,0,0,0,0,0,0,0,0,0,0,0
2/12/2018 15:00,1,0,0,0,0,0,0,0,0,0,0,0,0,0,0,0
2/12/2018 16:00,1,0,0,0,0,0,0,0,0,0,0,0,0,0,0,0
2/12/2018 17:00,1,0,0,0,0,0,0,0,0,0,0,0,0,0,0,0
2/12/2018 18:00,1,0,0,0,0,0,0,0,0,0,0,0,0,0,0,0
2/12/2018 19:00,1,0,0,0,0,0,0,0,0,0,0,0,0,0,0,0
2/12/2018 20:00,1,0,0,0,0,0,0,0,0,0,0,0,0,0,0,0
2/12/2018 21:00,1,0,0,0,0,0,0,0,0,0,0,0,0,0,0,0
2/12/2018 22:00,1,0,0,0,0,0,0,0,0,0,0,0,0,0,0,0
2/12/2018 23:00,1,0,0,0,0,0,0,0,0,0,0,0,0,0,0,0
3/12/2018 0:00,1,0,0,0,0,0,0,0,0,0,0,0,0,0,0,0
3/12/2018 1:00,1,0,0,0,0,0,0,0,0,0,0,0,0,0,0,0
3/12/2018 2:00,1,0,0,0,0,0,0,0,0,0,0,0,0,0,0,0
3/12/2018 3:00,1,0,0,0,0,0,0,0,0,0,0,0,0,0,0,0
3/12/2018 4:00,1,0,0,0,0,0,0,0,0,0,0,0,0,0,0,0
3/12/2018 5:00,1,0,0,0,0,0,0,0,0,0,0,0,0,0,0,0
3/12/2018 6:00,1,0,0,0,0,0,0,0,0,0,0,0,0,0,0,0
3/12/2018 7:00,1,0,0,0,0,0,0,0,0,0,0,0,0,0,0,0
3/12/2018 8:00,1,0,0,0,0,0,0,0,0,0,0,0,0,0,0,0
3/12/2018 9:00,1,0,0,0,0,0,0,0,0,0,0,0,0,0,0,0
3/12/2018 10:00,1,0,0,0,0,0,0,0,0,0,0,0,0,0,0,0
3/12/2018 11:00,1,0,0,0,0,0,0,0,0,0,0,0,0,0,0,0
3/12/2018 12:00,1,0,0,0,0,0,0,0,0,0,0,0,0,0,0,0
3/12/2018 13:00,1,0,0,0,0,0,0,0,0,0,0,0,0,0,0,0
3/12/2018 14:00,1,0,0,0,0,0,0,0,0,0,0,0,0,0,0,0
4/12/2018 8:00,1,0,0,0,0,0,0,0,0,0,0,0,0,0,0,0
4/12/2018 9:00,1,0,0,0,0,0,0,0,0,0,0,0,0,0,0,0
4/12/2018 10:00,1,0,0,0,0,0,0,0,0,0,0,0,0,0,0,0
4/12/2018 11:00,1,0,0,0,0,0,0,0,0,0,0,0,0,0,0,0
4/12/2018 12:00,1,0,0,0,0,0,0,0,0,0,0,0,0,0,0,0
4/12/2018 13:00,1,0,0,0,0,0,0,0,0,0,0,0,0,0,0,0
4/12/2018 14:00,1,0,0,0,0,0,0,0,0,0,0,0,0,0,0,0
4/12/2018 15:00,1,0,0,0,0,0,0,0,0,0,0,0,0,0,0,0
4/12/2018 16:00,1,0,0,0,0,0,0,0,0,0,0,0,0,0,0,0
4/12/2018 17:00,1,0,0,0,0,0,0,0,0,0,0,0,0,0,0,0
4/12/2018 18:00,1,0,0,0,0,0,0,0,0,0,0,0,0,0,0,0
4/12/2018 19:00,1,0,0,0,0,0,0,0,0,0,0,0,0,0,0,0
4/12/2018 20:00,1,0,0,0,0,0,0,0,0,0,0,0,0,0,0,0
4/12/2018 21:00,1,0,0,0,0,0,0,0,0,0,0,0,0,0,0,0
4/12/2018 22:00,1,0,0,0,0,0,0,0,0,0,0,0,0,0,0,0
4/12/2018 23:00,1,0,0,0,0,0,0,0,0,0,0,0,0,0,0,0
5/12/2018 0:00,1,0,0,0,0,0,0,0,0,0,0,0,0,0,0,0
5/12/2018 1:00,1,0,0,0,0,0,0,0,0,0,0,0,0,0,0,0
5/12/2018 2:00,1,0,0,0,0,0,0,0,0,0,0,0,0,0,0,0
5/12/2018 3:00,1,0,0,0,0,0,0,0,0,0,0,0,0,0,0,0
5/12/2018 4:00,1,0,0,0,0,0,0,0,0,0,0,0,0,0,0,0
5/12/2018 5:00,1,0,0,0,0,0,0,0,0,0,0,0,0,0,0,0
5/12/2018 6:00,1,0,0,0,0,0,0,0,0,0,0,0,0,0,0,0
5/12/2018 7:00,1,0,0,0,0,0,0,0,0,0,0,0,0,0,0,0
5/12/2018 8:00,1,0,0,0,0,0,0,0,0,0,0,0,0,0,0,0
5/12/2018 9:00,1,0,0,0,0,0,0,0,0,0,0,0,0,0,0,0
5/12/2018 10:00,1,0,0,0,0,0,0,0,0,0,0,0,0,0,0,0
11/12/2018 9:00,1,0,0,0,0,0,0,0,0,0,0,0,0,0,0,0
11/12/2018 10:00,1,0,0,0,0,0,0,0,0,0,0,0,0,0,0,0
11/12/2018 11:00,1,0,0,0,0,0,0,0,0,0,0,0,0,0,0,0
11/12/2018 12:00,1,0,0,0,0,0,0,0,0,0,0,0,0,0,0,0
11/12/2018 13:00,1,0,0,0,0,0,0,0,0,0,0,0,0,0,0,0
11/12/2018 14:00,1,0,0,0,0,0,0,0,0,0,0,0,0,0,0,0
11/12/2018 15:00,1,0,0,0,0,0,0,0,0,0,0,0,0,0,0,0
11/12/2018 16:00,1,0,0,0,0,0,0,0,0,0,0,0,0,0,0,0
11/12/2018 17:00,1,0,0,0,0,0,0,0,0,0,0,0,0,0,0,0
11/12/2018 18:00,1,0,0,0,0,0,0,0,0,0,0,0,0,0,0,0
11/12/2018 19:00,1,0,0,0,0,0,0,0,0,0,0,0,0,0,0,0
11/12/2018 20:00,1,0,0,0,0,0,0,0,0,0,0,0,0,0,0,0
11/12/2018 21:00,1,0,0,0,0,0,0,0,0,0,0,0,0,0,0,0
11/12/2018 22:00,1,0,0,0,0,0,0,0,0,0,0,0,0,0,0,0
11/12/2018 23:00,1,0,0,0,0,0,0,0,0,0,0,0,0,0,0,0
12/12/2018 0:00,1,0,0,0,0,0,0,0,0,0,0,0,0,0,0,0
12/12/2018 1:00,1,0,0,0,0,0,0,0,0,0,0,0,0,0,0,0
12/12/2018 2:00,1,0,0,0,0,0,0,0,0,0,0,0,0,0,0,0
12/12/2018 3:00,1,0,0,0,0,0,0,0,0,0,0,0,0,0,0,0
12/12/2018 18:00,1,0,0,0,0,0,0,0,0,0,0,0,0,0,0,0
12/12/2018 19:00,1,0,0,0,0,0,0,0,0,0,0,0,0,0,0,0
12/12/2018 20:00,1,0,0,0,0,0,0,0,0,0,0,0,0,0,0,0
12/12/2018 21:00,1,0,0,0,0,0,0,0,0,0,0,0,0,0,0,0
12/12/2018 22:00,1,0,0,0,0,0,0,0,0,0,0,0,0,0,0,0
12/12/2018 23:00,1,0,0,0,0,0,0,0,0,0,0,0,0,0,0,0
13/12/18 00:00,1,0,0,0,0,0,0,0,0,0,0,0,0,0,0,0
13/12/18 01:00,1,0,0,0,0,0,0,0,0,0,0,0,0,0,0,0
13/12/18 02:00,1,0,0,0,0,0,0,0,0,0,0,0,0,0,0,0
13/12/18 03:00,1,0,0,0,0,0,0,0,0,0,0,0,0,0,0,0
13/12/18 04:00,1,0,0,0,0,0,0,0,0,0,0,0,0,0,0,0
13/12/18 05:00,1,0,0,0,0,0,0,0,0,0,0,0,0,0,0,0
13/12/18 06:00,1,0,0,0,0,0,0,0,0,0,0,0,0,0,0,0
13/12/18 07:00,1,0,0,0,0,0,0,0,0,0,0,0,0,0,0,0
13/12/18 08:00,1,0,0,0,0,0,0,0,0,0,0,0,0,0,0,0
13/12/18 09:00,1,0,0,0,0,0,0,0,0,0,0,0,0,0,0,0
13/12/18 10:00,1,0,0,0,0,0,0,0,0,0,0,0,0,0,0,0
13/12/18 11:00,1,0,0,0,0,0,0,0,0,0,0,0,0,0,0,0
13/12/18 12:00,1,0,0,0,0,0,0,0,0,0,0,0,0,0,0,0
13/12/18 13:00,1,0,0,0,0,0,0,0,0,0,0,0,0,0,0,0
13/12/18 14:00,1,0,0,0,0,0,0,0,0,0,0,0,0,0,0,0
13/12/18 15:00,1,0,0,0,0,0,0,0,0,0,0,0,0,0,0,0
13/12/18 16:00,1,0,0,0,0,0,0,0,0,0,0,0,0,0,0,0
13/12/18 17:00,1,0,0,0,0,0,0,0,0,0,0,0,0,0,0,0
13/12/18 18:00,1,0,0,0,0,0,0,0,0,0,0,0,0,0,0,0
13/12/18 19:00,1,0,0,0,0,0,0,0,0,0,0,0,0,0,0,0
13/12/18 20:00,1,0,0,0,0,0,0,0,0,0,0,0,0,0,0,0
13/12/18 21:00,1,0,0,0,0,0,0,0,0,0,0,0,0,0,0,0
13/12/18 22:00,1,0,0,0,0,0,0,0,0,0,0,0,0,0,0,0
13/12/18 23:00,1,0,0,0,0,0,0,0,0,0,0,0,0,0,0,0
14/12/18 00:00,1,0,0,0,0,0,0,0,0,0,0,0,0,0,0,0
14/12/18 01:00,1,0,0,0,0,0,0,0,0,0,0,0,0,0,0,0
14/12/18 02:00,1,0,0,0,0,0,0,0,0,0,0,0,0,0,0,0
14/12/18 03:00,1,0,0,0,0,0,0,0,0,0,0,0,0,0,0,0
14/12/18 04:00,1,0,0,0,0,0,0,0,0,0,0,0,0,0,0,0
14/12/18 05:00,1,0,0,0,0,0,0,0,0,0,0,0,0,0,0,0
14/12/18 06:00,1,0,0,0,0,0,0,0,0,0,0,0,0,0,0,0
14/12/18 07:00,1,0,0,0,0,0,0,0,0,0,0,0,0,0,0,0
14/12/18 08:00,1,0,0,0,0,0,0,0,0,0,0,0,0,0,0,0
14/12/18 09:00,1,0,0,0,0,0,0,0,0,0,0,0,0,0,0,0
14/12/18 10:00,1,0,0,0,0,0,0,0,0,0,0,0,0,0,0,0
14/12/18 11:00,1,0,0,0,0,0,0,0,0,0,0,0,0,0,0,0
14/12/18 12:00,1,0,0,0,0,0,0,0,0,0,0,0,0,0,0,0
14/12/18 13:00,1,0,0,0,0,0,0,0,0,0,0,0,0,0,0,0
14/12/18 14:00,1,0,0,0,0,0,0,0,0,0,0,0,0,0,0,0
14/12/18 15:00,1,0,0,0,0,0,0,0,0,0,0,0,0,0,0,0
14/12/18 16:00,1,0,0,0,0,0,0,0,0,0,0,0,0,0,0,0
14/12/18 17:00,1,0,0,0,0,0,0,0,0,0,0,0,0,0,0,0
14/12/18 18:00,1,0,0,0,0,0,0,0,0,0,0,0,0,0,0,0
14/12/18 19:00,1,0,0,0,0,0,0,0,0,0,0,0,0,0,0,0
14/12/18 20:00,1,0,0,0,0,0,0,0,0,0,0,0,0,0,0,0
14/12/18 21:00,1,0,0,0,0,0,0,0,0,0,0,0,0,0,0,0
14/12/18 22:00,1,0,0,0,0,0,0,0,0,0,0,0,0,0,0,0
14/12/18 23:00,1,0,0,0,0,0,0,0,0,0,0,0,0,0,0,0
15/12/18 00:00,1,0,0,0,0,0,0,0,0,0,0,0,0,0,0,0
15/12/18 01:00,1,0,0,0,0,0,0,0,0,0,0,0,0,0,0,0
15/12/18 02:00,1,0,0,0,0,0,0,0,0,0,0,0,0,0,0,0
15/12/18 03:00,1,0,0,0,0,0,0,0,0,0,0,0,0,0,0,0
15/12/18 04:00,1,0,0,0,0,0,0,0,0,0,0,0,0,0,0,0
15/12/18 05:00,1,0,0,0,0,0,0,0,0,0,0,0,0,0,0,0
15/12/18 06:00,1,0,0,0,0,0,0,0,0,0,0,0,0,0,0,0
15/12/18 07:00,1,0,0,0,0,0,0,0,0,0,0,0,0,0,0,0
15/12/18 08:00,1,0,0,0,0,0,0,0,0,0,0,0,0,0,0,0
15/12/18 09:00,1,0,0,0,0,0,0,0,0,0,0,0,0,0,0,0
15/12/18 10:00,1,0,0,0,0,0,0,0,0,0,0,0,0,0,0,0
15/12/18 11:00,1,0,0,0,0,0,0,0,0,0,0,0,0,0,0,0
15/12/18 12:00,1,0,0,0,0,0,0,0,0,0,0,0,0,0,0,0
15/12/18 13:00,1,0,0,0,0,0,0,0,0,0,0,0,0,0,0,0
15/12/18 14:00,1,0,0,0,0,0,0,0,0,0,0,0,0,0,0,0
15/12/18 15:00,1,0,0,0,0,0,0,0,0,0,0,0,0,0,0,0
15/12/18 16:00,1,0,0,0,0,0,0,0,0,0,0,0,0,0,0,0
15/12/18 17:00,1,0,0,0,0,0,0,0,0,0,0,0,0,0,0,0
15/12/18 18:00,1,0,0,0,0,0,0,0,0,0,0,0,0,0,0,0
15/12/18 19:00,1,0,0,0,0,0,0,0,0,0,0,0,0,0,0,0
15/12/18 20:00,1,0,0,0,0,0,0,0,0,0,0,0,0,0,0,0
15/12/18 21:00,1,0,0,0,0,0,0,0,0,0,0,0,0,0,0,0
15/12/18 22:00,1,0,0,0,0,0,0,0,0,0,0,0,0,0,0,0
15/12/18 23:00,1,0,0,0,0,0,0,0,0,0,0,0,0,0,0,0
16/12/18 00:00,1,0,0,0,0,0,0,0,0,0,0,0,0,0,0,0
16/12/18 01:00,1,0,0,0,0,0,0,0,0,0,0,0,0,0,0,0
16/12/18 02:00,1,0,0,0,0,0,0,0,0,0,0,0,0,0,0,0
16/12/18 03:00,1,0,0,0,0,0,0,0,0,0,0,0,0,0,0,0
16/12/18 04:00,1,0,0,0,0,0,0,0,0,0,0,0,0,0,0,0
16/12/18 05:00,1,0,0,0,0,0,0,0,0,0,0,0,0,0,0,0
16/12/18 06:00,1,0,0,0,0,0,0,0,0,0,0,0,0,0,0,0
16/12/18 07:00,1,0,0,0,0,0,0,0,0,0,0,0,0,0,0,0
16/12/18 08:00,1,0,0,0,0,0,0,0,0,0,0,0,0,0,0,0
16/12/18 09:00,1,0,0,0,0,0,0,0,0,0,0,0,0,0,0,0
16/12/18 10:00,1,0,0,0,0,0,0,0,0,0,0,0,0,0,0,0
16/12/18 11:00,1,0,0,0,0,0,0,0,0,0,0,0,0,0,0,0
16/12/18 12:00,1,0,0,0,0,0,0,0,0,0,0,0,0,0,0,0
16/12/18 13:00,1,0,0,0,0,0,0,0,0,0,0,0,0,0,0,0
16/12/18 14:00,1,0,0,0,0,0,0,0,0,0,0,0,0,0,0,0
16/12/18 15:00,1,0,0,0,0,0,0,0,0,0,0,0,0,0,0,0
16/12/18 16:00,1,0,0,0,0,0,0,0,0,0,0,0,0,0,0,0
16/12/18 17:00,1,0,0,0,0,0,0,0,0,0,0,0,0,0,0,0
16/12/18 18:00,1,0,0,0,0,0,0,0,0,0,0,0,0,0,0,0
16/12/18 19:00,1,0,0,0,0,0,0,0,0,0,0,0,0,0,0,0
16/12/18 20:00,1,0,0,0,0,0,0,0,0,0,0,0,0,0,0,0
16/12/18 21:00,1,0,0,0,0,0,0,0,0,0,0,0,0,0,0,0
16/12/18 22:00,1,0,0,0,0,0,0,0,0,0,0,0,0,0,0,0
16/12/18 23:00,1,0,0,0,0,0,0,0,0,0,0,0,0,0,0,0
17/12/18 00:00,1,0,0,0,0,0,0,0,0,0,0,0,0,0,0,0
17/12/18 01:00,1,0,0,0,0,0,0,0,0,0,0,0,0,0,0,0
17/12/18 02:00,1,0,0,0,0,0,0,0,0,0,0,0,0,0,0,0
17/12/18 03:00,1,0,0,0,0,0,0,0,0,0,0,0,0,0,0,0
17/12/18 04:00,1,0,0,0,0,0,0,0,0,0,0,0,0,0,0,0
17/12/18 05:00,1,0,0,0,0,0,0,0,0,0,0,0,0,0,0,0
17/12/18 06:00,1,0,0,0,0,0,0,0,0,0,0,0,0,0,0,0
17/12/18 07:00,1,0,0,0,0,0,0,0,0,0,0,0,0,0,0,0
17/12/18 08:00,1,0,0,0,0,0,0,0,0,0,0,0,0,0,0,0
17/12/18 09:00,1,0,0,0,0,0,0,0,0,0,0,0,0,0,0,0
17/12/18 10:00,1,0,0,0,0,0,0,0,0,0,0,0,0,0,0,0
17/12/18 11:00,1,0,0,0,0,0,0,0,0,0,0,0,0,0,0,0
17/12/18 12:00,1,0,0,0,0,0,0,0,0,0,0,0,0,0,0,0
17/12/18 13:00,1,0,0,0,0,0,0,0,0,0,0,0,0,0,0,0
17/12/18 14:00,1,0,0,0,0,0,0,0,0,0,0,0,0,0,0,0
17/12/18 15:00,1,0,0,0,0,0,0,0,0,0,0,0,0,0,0,0
17/12/18 16:00,1,0,0,0,0,0,0,0,0,0,0,0,0,0,0,0
17/12/18 17:00,1,0,0,0,0,0,0,0,0,0,0,0,0,0,0,0
17/12/18 18:00,1,0,0,0,0,0,0,0,0,0,0,0,0,0,0,0
17/12/18 19:00,1,0,0,0,0,0,0,0,0,0,0,0,0,0,0,0
17/12/18 20:00,1,0,0,0,0,0,0,0,0,0,0,0,0,0,0,0
17/12/18 21:00,1,0,0,0,0,0,0,0,0,0,0,0,0,0,0,0
17/12/18 22:00,1,0,0,0,0,0,0,0,0,0,0,0,0,0,0,0
17/12/18 23:00,1,0,0,0,0,0,0,0,0,0,0,0,0,0,0,0
18/12/18 00:00,1,0,0,0,0,0,0,0,0,0,0,0,0,0,0,0
18/12/18 01:00,1,0,0,0,0,0,0,0,0,0,0,0,0,0,0,0
18/12/18 02:00,1,0,0,0,0,0,0,0,0,0,0,0,0,0,0,0
18/12/18 03:00,1,0,0,0,0,0,0,0,0,0,0,0,0,0,0,0
18/12/18 04:00,1,0,0,0,0,0,0,0,0,0,0,0,0,0,0,0
18/12/18 05:00,1,0,0,0,0,0,0,0,0,0,0,0,0,0,0,0
18/12/18 06:00,1,0,0,0,0,0,0,0,0,0,0,0,0,0,0,0
18/12/18 07:00,1,0,0,0,0,0,0,0,0,0,0,0,0,0,0,0
18/12/18 08:00,1,0,0,0,0,0,0,0,0,0,0,0,0,0,0,0
18/12/18 09:00,1,0,0,0,0,0,0,0,0,0,0,0,0,0,0,0
18/12/18 10:00,1,0,0,0,0,0,0,0,0,0,0,0,0,0,0,0
18/12/18 11:00,1,0,0,0,0,0,0,0,0,0,0,0,0,0,0,0
18/12/18 12:00,1,0,0,0,0,0,0,0,0,0,0,0,0,0,0,0
18/12/18 13:00,1,0,0,0,0,0,0,0,0,0,0,0,0,0,0,0
18/12/18 14:00,1,0,0,0,0,0,0,0,0,0,0,0,0,0,0,0
18/12/18 15:00,1,0,0,0,0,0,0,0,0,0,0,0,0,0,0,0
18/12/18 16:00,1,0,0,0,0,0,0,0,0,0,0,0,0,0,0,0
18/12/18 17:00,1,0,0,0,0,0,0,0,0,0,0,0,0,0,0,0
18/12/18 18:00,1,0,0,0,0,0,0,0,0,0,0,0,0,0,0,0
18/12/18 19:00,1,0,0,0,0,0,0,0,0,0,0,0,0,0,0,0
18/12/18 20:00,1,0,0,0,0,0,0,0,0,0,0,0,0,0,0,0
18/12/18 21:00,1,0,0,0,0,0,0,0,0,0,0,0,0,0,0,0
18/12/18 22:00,1,0,0,0,0,0,0,0,0,0,0,0,0,0,0,0
18/12/18 23:00,1,0,0,0,0,0,0,0,0,0,0,0,0,0,0,0
19/12/18 00:00,1,0,0,0,0,0,0,0,0,0,0,0,0,0,0,0
19/12/18 03:00,1,0,0,0,0,0,0,0,0,0,0,0,0,0,0,0
19/12/18 04:00,1,0,0,0,0,0,0,0,0,0,0,0,0,0,0,0
19/12/18 05:00,1,0,0,0,0,0,0,0,0,0,0,0,0,0,0,0
22/12/18 23:00,1,0,0,0,0,0,0,0,0,0,0,0,0,0,0,0
23/12/18 00:00,1,0,0,0,0,0,0,0,0,0,0,0,0,0,0,0
23/12/18 01:00,1,0,0,0,0,0,0,0,0,0,0,0,0,0,0,0
23/12/18 02:00,1,0,0,0,0,0,0,0,0,0,0,0,0,0,0,0
23/12/18 03:00,1,0,0,0,0,0,0,0,0,0,0,0,0,0,0,0
23/12/18 04:00,1,0,0,0,0,0,0,0,0,0,0,0,0,0,0,0
23/12/18 05:00,1,0,0,0,0,0,0,0,0,0,0,0,0,0,0,0
23/12/18 06:00,1,0,0,0,0,0,0,0,0,0,0,0,0,0,0,0
23/12/18 07:00,1,0,0,0,0,0,0,0,0,0,0,0,0,0,0,0
23/12/18 08:00,1,0,0,0,0,0,0,0,0,0,0,0,0,0,0,0
23/12/18 09:00,1,0,0,0,0,0,0,0,0,0,0,0,0,0,0,0
23/12/18 10:00,1,0,0,0,0,0,0,0,0,0,0,0,0,0,0,0
23/12/18 11:00,1,0,0,0,0,0,0,0,0,0,0,0,0,0,0,0
23/12/18 12:00,1,0,0,0,0,0,0,0,0,0,0,0,0,0,0,0
23/12/18 13:00,1,0,0,0,0,0,0,0,0,0,0,0,0,0,0,0
23/12/18 14:00,1,0,0,0,0,0,0,0,0,0,0,0,0,0,0,0
23/12/18 15:00,1,0,0,0,0,0,0,0,0,0,0,0,0,0,0,0
23/12/18 16:00,1,0,0,0,0,0,0,0,0,0,0,0,0,0,0,0
23/12/18 17:00,1,0,0,0,0,0,0,0,0,0,0,0,0,0,0,0
23/12/18 18:00,1,0,0,0,0,0,0,0,0,0,0,0,0,0,0,0
23/12/18 19:00,1,0,0,0,0,0,0,0,0,0,0,0,0,0,0,0
23/12/18 20:00,1,0,0,0,0,0,0,0,0,0,0,0,0,0,0,0
23/12/18 21:00,1,0,0,0,0,0,0,0,0,0,0,0,0,0,0,0
23/12/18 22:00,1,0,0,0,0,0,0,0,0,0,0,0,0,0,0,0
23/12/18 23:00,1,0,0,0,0,0,0,0,0,0,0,0,0,0,0,0
24/12/18 00:00,1,0,0,0,0,0,0,0,0,0,0,0,0,0,0,0
24/12/18 02:00,1,0,0,0,0,0,0,0,0,0,0,0,0,0,0,0
24/12/18 03:00,1,0,0,0,0,0,0,0,0,0,0,0,0,0,0,0
24/12/18 04:00,1,0,0,0,0,0,0,0,0,0,0,0,0,0,0,0
24/12/18 05:00,1,0,0,0,0,0,0,0,0,0,0,0,0,0,0,0
24/12/18 06:00,1,0,0,0,0,0,0,0,0,0,0,0,0,0,0,0
24/12/18 07:00,1,0,0,0,0,0,0,0,0,0,0,0,0,0,0,0
24/12/18 08:00,1,0,0,0,0,0,0,0,0,0,0,0,0,0,0,0
24/12/18 09:00,1,0,0,0,0,0,0,0,0,0,0,0,0,0,0,0
24/12/18 10:00,1,0,0,0,0,0,0,0,0,0,0,0,0,0,0,0
26/12/18 06:00,1,0,0,0,0,0,0,0,0,0,0,0,0,0,0,0
26/12/18 07:00,1,0,0,0,0,0,0,0,0,0,0,0,0,0,0,0
26/12/18 08:00,1,0,0,0,0,0,0,0,0,0,0,0,0,0,0,0
26/12/18 09:00,1,0,0,0,0,0,0,0,0,0,0,0,0,0,0,0
26/12/18 10:00,1,0,0,0,0,0,0,0,0,0,0,0,0,0,0,0
26/12/18 11:00,1,0,0,0,0,0,0,0,0,0,0,0,0,0,0,0
26/12/18 12:00,1,0,0,0,0,0,0,0,0,0,0,0,0,0,0,0
26/12/18 13:00,1,0,0,0,0,0,0,0,0,0,0,0,0,0,0,0
26/12/18 14:00,1,0,0,0,0,0,0,0,0,0,0,0,0,0,0,0
26/12/18 15:00,1,0,0,0,0,0,0,0,0,0,0,0,0,0,0,0
26/12/18 16:00,1,0,0,0,0,0,0,0,0,0,0,0,0,0,0,0
26/12/18 17:00,1,0,0,0,0,0,0,0,0,0,0,0,0,0,0,0
26/12/18 18:00,1,0,0,0,0,0,0,0,0,0,0,0,0,0,0,0
28/12/18 13:00,1,0,0,0,0,0,0,0,0,0,0,0,0,0,0,0
28/12/18 14:00,1,0,0,0,0,0,0,0,0,0,0,0,0,0,0,0
28/12/18 15:00,1,0,0,0,0,0,0,0,0,0,0,0,0,0,0,0
28/12/18 16:00,1,0,0,0,0,0,0,0,0,0,0,0,0,0,0,0
28/12/18 17:00,1,0,0,0,0,0,0,0,0,0,0,0,0,0,0,0
28/12/18 18:00,1,0,0,0,0,0,0,0,0,0,0,0,0,0,0,0
28/12/18 19:00,1,0,0,0,0,0,0,0,0,0,0,0,0,0,0,0
28/12/18 20:00,1,0,0,0,0,0,0,0,0,0,0,0,0,0,0,0
28/12/18 21:00,1,0,0,0,0,0,0,0,0,0,0,0,0,0,0,0
28/12/18 22:00,1,0,0,0,0,0,0,0,0,0,0,0,0,0,0,0
28/12/18 23:00,1,0,0,0,0,0,0,0,0,0,0,0,0,0,0,0
29/12/18 00:00,1,0,0,0,0,0,0,0,0,0,0,0,0,0,0,0
29/12/18 01:00,1,0,0,0,0,0,0,0,0,0,0,0,0,0,0,0
29/12/18 02:00,1,0,0,0,0,0,0,0,0,0,0,0,0,0,0,0
29/12/18 03:00,1,0,0,0,0,0,0,0,0,0,0,0,0,0,0,0
29/12/18 04:00,1,0,0,0,0,0,0,0,0,0,0,0,0,0,0,0
29/12/18 05:00,1,0,0,0,0,0,0,0,0,0,0,0,0,0,0,0
29/12/18 12:00,1,0,0,0,0,0,0,0,0,0,0,0,0,0,0,0
29/12/18 13:00,1,0,0,0,0,0,0,0,0,0,0,0,0,0,0,0
29/12/18 19:00,1,0,0,0,0,0,0,0,0,0,0,0,0,0,0,0
29/12/18 20:00,1,0,0,0,0,0,0,0,0,0,0,0,0,0,0,0
29/12/18 21:00,1,0,0,0,0,0,0,0,0,0,0,0,0,0,0,0
29/12/18 22:00,1,0,0,0,0,0,0,0,0,0,0,0,0,0,0,0
29/12/18 23:00,1,0,0,0,0,0,0,0,0,0,0,0,0,0,0,0
30/12/18 00:00,1,0,0,0,0,0,0,0,0,0,0,0,0,0,0,0
30/12/18 01:00,1,0,0,0,0,0,0,0,0,0,0,0,0,0,0,0
30/12/18 02:00,1,0,0,0,0,0,0,0,0,0,0,0,0,0,0,0
30/12/18 03:00,1,0,0,0,0,0,0,0,0,0,0,0,0,0,0,0
30/12/18 04:00,1,0,0,0,0,0,0,0,0,0,0,0,0,0,0,0
30/12/18 05:00,1,0,0,0,0,0,0,0,0,0,0,0,0,0,0,0
30/12/18 06:00,1,0,0,0,0,0,0,0,0,0,0,0,0,0,0,0
30/12/18 07:00,1,0,0,0,0,0,0,0,0,0,0,0,0,0,0,0
30/12/18 08:00,1,0,0,0,0,0,0,0,0,0,0,0,0,0,0,0
30/12/18 09:00,1,0,0,0,0,0,0,0,0,0,0,0,0,0,0,0
30/12/18 10:00,1,0,0,0,0,0,0,0,0,0,0,0,0,0,0,0
30/12/18 11:00,1,0,0,0,0,0,0,0,0,0,0,0,0,0,0,0
30/12/18 12:00,1,0,0,0,0,0,0,0,0,0,0,0,0,0,0,0
30/12/18 13:00,1,0,0,0,0,0,0,0,0,0,0,0,0,0,0,0
30/12/18 14:00,1,0,0,0,0,0,0,0,0,0,0,0,0,0,0,0
30/12/18 15:00,1,0,0,0,0,0,0,0,0,0,0,0,0,0,0,0
30/12/18 16:00,1,0,0,0,0,0,0,0,0,0,0,0,0,0,0,0
30/12/18 17:00,1,0,0,0,0,0,0,0,0,0,0,0,0,0,0,0
30/12/18 18:00,1,0,0,0,0,0,0,0,0,0,0,0,0,0,0,0
30/12/18 19:00,1,0,0,0,0,0,0,0,0,0,0,0,0,0,0,0
30/12/18 20:00,1,0,0,0,0,0,0,0,0,0,0,0,0,0,0,0
30/12/18 21:00,1,0,0,0,0,0,0,0,0,0,0,0,0,0,0,0
30/12/18 22:00,1,0,0,0,0,0,0,0,0,0,0,0,0,0,0,0
30/12/18 23:00,1,0,0,0,0,0,0,0,0,0,0,0,0,0,0,0
31/12/18 00:00,1,0,0,0,0,0,0,0,0,0,0,0,0,0,0,0
31/12/18 01:00,1,0,0,0,0,0,0,0,0,0,0,0,0,0,0,0
31/12/18 02:00,1,0,0,0,0,0,0,0,0,0,0,0,0,0,0,0
31/12/18 06:00,1,0,0,0,0,0,0,0,0,0,0,0,0,0,0,0
31/12/18 07:00,1,0,0,0,0,0,0,0,0,0,0,0,0,0,0,0
31/12/18 08:00,1,0,0,0,0,0,0,0,0,0,0,0,0,0,0,0
31/12/18 09:00,1,0,0,0,0,0,0,0,0,0,0,0,0,0,0,0
31/12/18 10:00,1,0,0,0,0,0,0,0,0,0,0,0,0,0,0,0
31/12/18 11:00,1,0,0,0,0,0,0,0,0,0,0,0,0,0,0,0
1/1/2019 23:00,1,0,0,0,0,0,0,0,0,0,0,0,0,0,0,0
2/1/2019 0:00,1,0,0,0,0,0,0,0,0,0,0,0,0,0,0,0
2/1/2019 1:00,1,0,0,0,0,0,0,0,0,0,0,0,0,0,0,0
2/1/2019 2:00,1,0,0,0,0,0,0,0,0,0,0,0,0,0,0,0
2/1/2019 3:00,1,0,0,0,0,0,0,0,0,0,0,0,0,0,0,0
2/1/2019 4:00,1,0,0,0,0,0,0,0,0,0,0,0,0,0,0,0
2/1/2019 5:00,1,0,0,0,0,0,0,0,0,0,0,0,0,0,0,0
2/1/2019 6:00,1,0,0,0,0,0,0,0,0,0,0,0,0,0,0,0
2/1/2019 7:00,1,0,0,0,0,0,0,0,0,0,0,0,0,0,0,0
2/1/2019 8:00,1,0,0,0,0,0,0,0,0,0,0,0,0,0,0,0
2/1/2019 9:00,1,0,0,0,0,0,0,0,0,0,0,0,0,0,0,0
2/1/2019 10:00,1,0,0,0,0,0,0,0,0,0,0,0,0,0,0,0
2/1/2019 11:00,1,0,0,0,0,0,0,0,0,0,0,0,0,0,0,0
2/1/2019 12:00,1,0,0,0,0,0,0,0,0,0,0,0,0,0,0,0
2/1/2019 13:00,1,0,0,0,0,0,0,0,0,0,0,0,0,0,0,0
2/1/2019 14:00,1,0,0,0,0,0,0,0,0,0,0,0,0,0,0,0
2/1/2019 15:00,1,0,0,0,0,0,0,0,0,0,0,0,0,0,0,0
2/1/2019 16:00,1,0,0,0,0,0,0,0,0,0,0,0,0,0,0,0
2/1/2019 17:00,1,0,0,0,0,0,0,0,0,0,0,0,0,0,0,0
2/1/2019 18:00,1,0,0,0,0,0,0,0,0,0,0,0,0,0,0,0
2/1/2019 19:00,1,0,0,0,0,0,0,0,0,0,0,0,0,0,0,0
2/1/2019 20:00,1,0,0,0,0,0,0,0,0,0,0,0,0,0,0,0
2/1/2019 21:00,1,0,0,0,0,0,0,0,0,0,0,0,0,0,0,0
2/1/2019 22:00,1,0,0,0,0,0,0,0,0,0,0,0,0,0,0,0
2/1/2019 23:00,1,0,0,0,0,0,0,0,0,0,0,0,0,0,0,0
3/1/2019 0:00,1,0,0,0,0,0,0,0,0,0,0,0,0,0,0,0
3/1/2019 1:00,1,0,0,0,0,0,0,0,0,0,0,0,0,0,0,0
3/1/2019 2:00,1,0,0,0,0,0,0,0,0,0,0,0,0,0,0,0
3/1/2019 3:00,1,0,0,0,0,0,0,0,0,0,0,0,0,0,0,0
3/1/2019 4:00,1,0,0,0,0,0,0,0,0,0,0,0,0,0,0,0
3/1/2019 5:00,1,0,0,0,0,0,0,0,0,0,0,0,0,0,0,0
3/1/2019 6:00,1,0,0,0,0,0,0,0,0,0,0,0,0,0,0,0
3/1/2019 7:00,1,0,0,0,0,0,0,0,0,0,0,0,0,0,0,0
3/1/2019 8:00,1,0,0,0,0,0,0,0,0,0,0,0,0,0,0,0
3/1/2019 9:00,1,0,0,0,0,0,0,0,0,0,0,0,0,0,0,0
3/1/2019 10:00,1,0,0,0,0,0,0,0,0,0,0,0,0,0,0,0
3/1/2019 11:00,1,0,0,0,0,0,0,0,0,0,0,0,0,0,0,0
3/1/2019 12:00,1,0,0,0,0,0,0,0,0,0,0,0,0,0,0,0
3/1/2019 13:00,1,0,0,0,0,0,0,0,0,0,0,0,0,0,0,0
3/1/2019 14:00,1,0,0,0,0,0,0,0,0,0,0,0,0,0,0,0
3/1/2019 15:00,1,0,0,0,0,0,0,0,0,0,0,0,0,0,0,0
3/1/2019 16:00,1,0,0,0,0,0,0,0,0,0,0,0,0,0,0,0
3/1/2019 17:00,1,0,0,0,0,0,0,0,0,0,0,0,0,0,0,0
3/1/2019 18:00,1,0,0,0,0,0,0,0,0,0,0,0,0,0,0,0
3/1/2019 19:00,1,0,0,0,0,0,0,0,0,0,0,0,0,0,0,0
3/1/2019 20:00,1,0,0,0,0,0,0,0,0,0,0,0,0,0,0,0
3/1/2019 21:00,1,0,0,0,0,0,0,0,0,0,0,0,0,0,0,0
3/1/2019 22:00,1,0,0,0,0,0,0,0,0,0,0,0,0,0,0,0
3/1/2019 23:00,1,0,0,0,0,0,0,0,0,0,0,0,0,0,0,0
4/1/2019 0:00,1,0,0,0,0,0,0,0,0,0,0,0,0,0,0,0
4/1/2019 1:00,1,0,0,0,0,0,0,0,0,0,0,0,0,0,0,0
4/1/2019 2:00,1,0,0,0,0,0,0,0,0,0,0,0,0,0,0,0
4/1/2019 3:00,1,0,0,0,0,0,0,0,0,0,0,0,0,0,0,0
4/1/2019 4:00,1,0,0,0,0,0,0,0,0,0,0,0,0,0,0,0
4/1/2019 5:00,1,0,0,0,0,0,0,0,0,0,0,0,0,0,0,0
4/1/2019 6:00,1,0,0,0,0,0,0,0,0,0,0,0,0,0,0,0
4/1/2019 7:00,1,0,0,0,0,0,0,0,0,0,0,0,0,0,0,0
4/1/2019 13:00,1,0,0,0,0,0,0,0,0,0,0,0,0,0,0,0
4/1/2019 14:00,1,0,0,0,0,0,0,0,0,0,0,0,0,0,0,0
4/1/2019 15:00,1,0,0,0,0,0,0,0,0,0,0,0,0,0,0,0
4/1/2019 16:00,1,0,0,0,0,0,0,0,0,0,0,0,0,0,0,0
4/1/2019 17:00,1,0,0,0,0,0,0,0,0,0,0,0,0,0,0,0
4/1/2019 18:00,1,0,0,0,0,0,0,0,0,0,0,0,0,0,0,0
4/1/2019 19:00,1,0,0,0,0,0,0,0,0,0,0,0,0,0,0,0
4/1/2019 20:00,1,0,0,0,0,0,0,0,0,0,0,0,0,0,0,0
4/1/2019 21:00,1,0,0,0,0,0,0,0,0,0,0,0,0,0,0,0
4/1/2019 22:00,1,0,0,0,0,0,0,0,0,0,0,0,0,0,0,0
4/1/2019 23:00,1,0,0,0,0,0,0,0,0,0,0,0,0,0,0,0
5/1/2019 0:00,1,0,0,0,0,0,0,0,0,0,0,0,0,0,0,0
5/1/2019 1:00,1,0,0,0,0,0,0,0,0,0,0,0,0,0,0,0
5/1/2019 2:00,1,0,0,0,0,0,0,0,0,0,0,0,0,0,0,0
5/1/2019 3:00,1,0,0,0,0,0,0,0,0,0,0,0,0,0,0,0
5/1/2019 4:00,1,0,0,0,0,0,0,0,0,0,0,0,0,0,0,0
5/1/2019 5:00,1,0,0,0,0,0,0,0,0,0,0,0,0,0,0,0
5/1/2019 6:00,1,0,0,0,0,0,0,0,0,0,0,0,0,0,0,0
5/1/2019 7:00,1,0,0,0,0,0,0,0,0,0,0,0,0,0,0,0
5/1/2019 8:00,1,0,0,0,0,0,0,0,0,0,0,0,0,0,0,0
5/1/2019 9:00,1,0,0,0,0,0,0,0,0,0,0,0,0,0,0,0
5/1/2019 10:00,1,0,0,0,0,0,0,0,0,0,0,0,0,0,0,0
5/1/2019 11:00,1,0,0,0,0,0,0,0,0,0,0,0,0,0,0,0
5/1/2019 12:00,1,0,0,0,0,0,0,0,0,0,0,0,0,0,0,0
5/1/2019 13:00,1,0,0,0,0,0,0,0,0,0,0,0,0,0,0,0
5/1/2019 14:00,1,0,0,0,0,0,0,0,0,0,0,0,0,0,0,0
5/1/2019 15:00,1,0,0,0,0,0,0,0,0,0,0,0,0,0,0,0
5/1/2019 16:00,1,0,0,0,0,0,0,0,0,0,0,0,0,0,0,0
5/1/2019 17:00,1,0,0,0,0,0,0,0,0,0,0,0,0,0,0,0
5/1/2019 18:00,1,0,0,0,0,0,0,0,0,0,0,0,0,0,0,0
5/1/2019 19:00,1,0,0,0,0,0,0,0,0,0,0,0,0,0,0,0
5/1/2019 20:00,1,0,0,0,0,0,0,0,0,0,0,0,0,0,0,0
5/1/2019 21:00,1,0,0,0,0,0,0,0,0,0,0,0,0,0,0,0
5/1/2019 22:00,1,0,0,0,0,0,0,0,0,0,0,0,0,0,0,0
5/1/2019 23:00,1,0,0,0,0,0,0,0,0,0,0,0,0,0,0,0
6/1/2019 0:00,1,0,0,0,0,0,0,0,0,0,0,0,0,0,0,0
6/1/2019 1:00,1,0,0,0,0,0,0,0,0,0,0,0,0,0,0,0
6/1/2019 2:00,1,0,0,0,0,0,0,0,0,0,0,0,0,0,0,0
6/1/2019 3:00,1,0,0,0,0,0,0,0,0,0,0,0,0,0,0,0
6/1/2019 4:00,1,0,0,0,0,0,0,0,0,0,0,0,0,0,0,0
6/1/2019 5:00,1,0,0,0,0,0,0,0,0,0,0,0,0,0,0,0
6/1/2019 6:00,1,0,0,0,0,0,0,0,0,0,0,0,0,0,0,0
6/1/2019 7:00,1,0,0,0,0,0,0,0,0,0,0,0,0,0,0,0
6/1/2019 8:00,1,0,0,0,0,0,0,0,0,0,0,0,0,0,0,0
6/1/2019 9:00,1,0,0,0,0,0,0,0,0,0,0,0,0,0,0,0
6/1/2019 10:00,1,0,0,0,0,0,0,0,0,0,0,0,0,0,0,0
6/1/2019 11:00,1,0,0,0,0,0,0,0,0,0,0,0,0,0,0,0
6/1/2019 12:00,1,0,0,0,0,0,0,0,0,0,0,0,0,0,0,0
6/1/2019 13:00,1,0,0,0,0,0,0,0,0,0,0,0,0,0,0,0
6/1/2019 14:00,1,0,0,0,0,0,0,0,0,0,0,0,0,0,0,0
6/1/2019 15:00,1,0,0,0,0,0,0,0,0,0,0,0,0,0,0,0
6/1/2019 16:00,1,0,0,0,0,0,0,0,0,0,0,0,0,0,0,0
6/1/2019 17:00,1,0,0,0,0,0,0,0,0,0,0,0,0,0,0,0
6/1/2019 18:00,1,0,0,0,0,0,0,0,0,0,0,0,0,0,0,0
6/1/2019 19:00,1,0,0,0,0,0,0,0,0,0,0,0,0,0,0,0
6/1/2019 20:00,1,0,0,0,0,0,0,0,0,0,0,0,0,0,0,0
6/1/2019 23:00,1,0,0,0,0,0,0,0,0,0,0,0,0,0,0,0
7/1/2019 2:00,1,0,0,0,0,0,0,0,0,0,0,0,0,0,0,0
7/1/2019 3:00,1,0,0,0,0,0,0,0,0,0,0,0,0,0,0,0
7/1/2019 4:00,1,0,0,0,0,0,0,0,0,0,0,0,0,0,0,0
7/1/2019 5:00,1,0,0,0,0,0,0,0,0,0,0,0,0,0,0,0
7/1/2019 6:00,1,0,0,0,0,0,0,0,0,0,0,0,0,0,0,0
7/1/2019 7:00,1,0,0,0,0,0,0,0,0,0,0,0,0,0,0,0
7/1/2019 8:00,1,0,0,0,0,0,0,0,0,0,0,0,0,0,0,0
7/1/2019 9:00,1,0,0,0,0,0,0,0,0,0,0,0,0,0,0,0
7/1/2019 10:00,1,0,0,0,0,0,0,0,0,0,0,0,0,0,0,0
7/1/2019 11:00,1,0,0,0,0,0,0,0,0,0,0,0,0,0,0,0
7/1/2019 12:00,1,0,0,0,0,0,0,0,0,0,0,0,0,0,0,0
7/1/2019 13:00,1,0,0,0,0,0,0,0,0,0,0,0,0,0,0,0
7/1/2019 14:00,1,0,0,0,0,0,0,0,0,0,0,0,0,0,0,0
7/1/2019 15:00,1,0,0,0,0,0,0,0,0,0,0,0,0,0,0,0
7/1/2019 16:00,1,0,0,0,0,0,0,0,0,0,0,0,0,0,0,0
7/1/2019 17:00,1,0,0,0,0,0,0,0,0,0,0,0,0,0,0,0
8/1/2019 2:00,1,0,0,0,0,0,0,0,0,0,0,0,0,0,0,0
8/1/2019 3:00,1,0,0,0,0,0,0,0,0,0,0,0,0,0,0,0
8/1/2019 4:00,1,0,0,0,0,0,0,0,0,0,0,0,0,0,0,0
8/1/2019 5:00,1,0,0,0,0,0,0,0,0,0,0,0,0,0,0,0
8/1/2019 6:00,1,0,0,0,0,0,0,0,0,0,0,0,0,0,0,0
8/1/2019 7:00,1,0,0,0,0,0,0,0,0,0,0,0,0,0,0,0
8/1/2019 8:00,1,0,0,0,0,0,0,0,0,0,0,0,0,0,0,0
8/1/2019 9:00,1,0,0,0,0,0,0,0,0,0,0,0,0,0,0,0
8/1/2019 10:00,1,0,0,0,0,0,0,0,0,0,0,0,0,0,0,0
8/1/2019 11:00,1,0,0,0,0,0,0,0,0,0,0,0,0,0,0,0
8/1/2019 12:00,1,0,0,0,0,0,0,0,0,0,0,0,0,0,0,0
8/1/2019 13:00,1,0,0,0,0,0,0,0,0,0,0,0,0,0,0,0
8/1/2019 14:00,1,0,0,0,0,0,0,0,0,0,0,0,0,0,0,0
8/1/2019 15:00,1,0,0,0,0,0,0,0,0,0,0,0,0,0,0,0
8/1/2019 16:00,1,0,0,0,0,0,0,0,0,0,0,0,0,0,0,0
8/1/2019 17:00,1,0,0,0,0,0,0,0,0,0,0,0,0,0,0,0
8/1/2019 18:00,1,0,0,0,0,0,0,0,0,0,0,0,0,0,0,0
8/1/2019 19:00,1,0,0,0,0,0,0,0,0,0,0,0,0,0,0,0
8/1/2019 20:00,1,0,0,0,0,0,0,0,0,0,0,0,0,0,0,0
8/1/2019 21:00,1,0,0,0,0,0,0,0,0,0,0,0,0,0,0,0
8/1/2019 22:00,1,0,0,0,0,0,0,0,0,0,0,0,0,0,0,0
8/1/2019 23:00,1,0,0,0,0,0,0,0,0,0,0,0,0,0,0,0
9/1/2019 0:00,1,0,0,0,0,0,0,0,0,0,0,0,0,0,0,0
9/1/2019 1:00,1,0,0,0,0,0,0,0,0,0,0,0,0,0,0,0
9/1/2019 2:00,1,0,0,0,0,0,0,0,0,0,0,0,0,0,0,0
9/1/2019 3:00,1,0,0,0,0,0,0,0,0,0,0,0,0,0,0,0
9/1/2019 4:00,1,0,0,0,0,0,0,0,0,0,0,0,0,0,0,0
9/1/2019 5:00,1,0,0,0,0,0,0,0,0,0,0,0,0,0,0,0
9/1/2019 6:00,1,0,0,0,0,0,0,0,0,0,0,0,0,0,0,0
9/1/2019 7:00,1,0,0,0,0,0,0,0,0,0,0,0,0,0,0,0
9/1/2019 8:00,1,0,0,0,0,0,0,0,0,0,0,0,0,0,0,0
9/1/2019 9:00,1,0,0,0,0,0,0,0,0,0,0,0,0,0,0,0
9/1/2019 10:00,1,0,0,0,0,0,0,0,0,0,0,0,0,0,0,0
9/1/2019 11:00,1,0,0,0,0,0,0,0,0,0,0,0,0,0,0,0
9/1/2019 12:00,1,0,0,0,0,0,0,0,0,0,0,0,0,0,0,0
9/1/2019 13:00,1,0,0,0,0,0,0,0,0,0,0,0,0,0,0,0
9/1/2019 14:00,1,0,0,0,0,0,0,0,0,0,0,0,0,0,0,0
9/1/2019 15:00,1,0,0,0,0,0,0,0,0,0,0,0,0,0,0,0
9/1/2019 16:00,1,0,0,0,0,0,0,0,0,0,0,0,0,0,0,0
9/1/2019 17:00,1,0,0,0,0,0,0,0,0,0,0,0,0,0,0,0
9/1/2019 18:00,1,0,0,0,0,0,0,0,0,0,0,0,0,0,0,0
9/1/2019 19:00,1,0,0,0,0,0,0,0,0,0,0,0,0,0,0,0
9/1/2019 20:00,1,0,0,0,0,0,0,0,0,0,0,0,0,0,0,0
9/1/2019 21:00,1,0,0,0,0,0,0,0,0,0,0,0,0,0,0,0
9/1/2019 22:00,1,0,0,0,0,0,0,0,0,0,0,0,0,0,0,0
9/1/2019 23:00,1,0,0,0,0,0,0,0,0,0,0,0,0,0,0,0
10/1/2019 0:00,1,0,0,0,0,0,0,0,0,0,0,0,0,0,0,0
10/1/2019 1:00,1,0,0,0,0,0,0,0,0,0,0,0,0,0,0,0
10/1/2019 2:00,1,0,0,0,0,0,0,0,0,0,0,0,0,0,0,0
10/1/2019 3:00,1,0,0,0,0,0,0,0,0,0,0,0,0,0,0,0
10/1/2019 4:00,1,0,0,0,0,0,0,0,0,0,0,0,0,0,0,0
10/1/2019 5:00,1,0,0,0,0,0,0,0,0,0,0,0,0,0,0,0
10/1/2019 6:00,1,0,0,0,0,0,0,0,0,0,0,0,0,0,0,0
10/1/2019 7:00,1,0,0,0,0,0,0,0,0,0,0,0,0,0,0,0
10/1/2019 8:00,1,0,0,0,0,0,0,0,0,0,0,0,0,0,0,0
10/1/2019 9:00,1,0,0,0,0,0,0,0,0,0,0,0,0,0,0,0
10/1/2019 10:00,1,0,0,0,0,0,0,0,0,0,0,0,0,0,0,0
10/1/2019 11:00,1,0,0,0,0,0,0,0,0,0,0,0,0,0,0,0
10/1/2019 12:00,1,0,0,0,0,0,0,0,0,0,0,0,0,0,0,0
10/1/2019 13:00,1,0,0,0,0,0,0,0,0,0,0,0,0,0,0,0
10/1/2019 14:00,1,0,0,0,0,0,0,0,0,0,0,0,0,0,0,0
10/1/2019 15:00,1,0,0,0,0,0,0,0,0,0,0,0,0,0,0,0
10/1/2019 16:00,1,0,0,0,0,0,0,0,0,0,0,0,0,0,0,0
10/1/2019 17:00,1,0,0,0,0,0,0,0,0,0,0,0,0,0,0,0
10/1/2019 18:00,1,0,0,0,0,0,0,0,0,0,0,0,0,0,0,0
10/1/2019 19:00,1,0,0,0,0,0,0,0,0,0,0,0,0,0,0,0
10/1/2019 20:00,1,0,0,0,0,0,0,0,0,0,0,0,0,0,0,0
10/1/2019 21:00,1,0,0,0,0,0,0,0,0,0,0,0,0,0,0,0
10/1/2019 22:00,1,0,0,0,0,0,0,0,0,0,0,0,0,0,0,0
10/1/2019 23:00,1,0,0,0,0,0,0,0,0,0,0,0,0,0,0,0
11/1/2019 0:00,1,0,0,0,0,0,0,0,0,0,0,0,0,0,0,0
11/1/2019 1:00,1,0,0,0,0,0,0,0,0,0,0,0,0,0,0,0
11/1/2019 2:00,1,0,0,0,0,0,0,0,0,0,0,0,0,0,0,0
11/1/2019 3:00,1,0,0,0,0,0,0,0,0,0,0,0,0,0,0,0
11/1/2019 4:00,1,0,0,0,0,0,0,0,0,0,0,0,0,0,0,0
11/1/2019 5:00,1,0,0,0,0,0,0,0,0,0,0,0,0,0,0,0
11/1/2019 6:00,1,0,0,0,0,0,0,0,0,0,0,0,0,0,0,0
11/1/2019 7:00,1,0,0,0,0,0,0,0,0,0,0,0,0,0,0,0
11/1/2019 8:00,1,0,0,0,0,0,0,0,0,0,0,0,0,0,0,0
11/1/2019 9:00,1,0,0,0,0,0,0,0,0,0,0,0,0,0,0,0
11/1/2019 10:00,1,0,0,0,0,0,0,0,0,0,0,0,0,0,0,0
11/1/2019 11:00,1,0,0,0,0,0,0,0,0,0,0,0,0,0,0,0
11/1/2019 12:00,1,0,0,0,0,0,0,0,0,0,0,0,0,0,0,0
11/1/2019 13:00,1,0,0,0,0,0,0,0,0,0,0,0,0,0,0,0
11/1/2019 14:00,1,0,0,0,0,0,0,0,0,0,0,0,0,0,0,0
11/1/2019 15:00,1,0,0,0,0,0,0,0,0,0,0,0,0,0,0,0
14/01/19 19:00,1,0,0,0,0,0,0,0,0,0,0,0,0,0,0,0
14/01/19 20:00,1,0,0,0,0,0,0,0,0,0,0,0,0,0,0,0
14/01/19 21:00,1,0,0,0,0,0,0,0,0,0,0,0,0,0,0,0
14/01/19 22:00,1,0,0,0,0,0,0,0,0,0,0,0,0,0,0,0
14/01/19 23:00,1,0,0,0,0,0,0,0,0,0,0,0,0,0,0,0
15/01/19 00:00,1,0,0,0,0,0,0,0,0,0,0,0,0,0,0,0
15/01/19 01:00,1,0,0,0,0,0,0,0,0,0,0,0,0,0,0,0
15/01/19 02:00,1,0,0,0,0,0,0,0,0,0,0,0,0,0,0,0
15/01/19 03:00,1,0,0,0,0,0,0,0,0,0,0,0,0,0,0,0
15/01/19 04:00,1,0,0,0,0,0,0,0,0,0,0,0,0,0,0,0
15/01/19 05:00,1,0,0,0,0,0,0,0,0,0,0,0,0,0,0,0
15/01/19 06:00,1,0,0,0,0,0,0,0,0,0,0,0,0,0,0,0
15/01/19 07:00,1,0,0,0,0,0,0,0,0,0,0,0,0,0,0,0
15/01/19 08:00,1,0,0,0,0,0,0,0,0,0,0,0,0,0,0,0
15/01/19 09:00,1,0,0,0,0,0,0,0,0,0,0,0,0,0,0,0
15/01/19 10:00,1,0,0,0,0,0,0,0,0,0,0,0,0,0,0,0
15/01/19 11:00,1,0,0,0,0,0,0,0,0,0,0,0,0,0,0,0
15/01/19 12:00,1,0,0,0,0,0,0,0,0,0,0,0,0,0,0,0
15/01/19 13:00,1,0,0,0,0,0,0,0,0,0,0,0,0,0,0,0
15/01/19 14:00,1,0,0,0,0,0,0,0,0,0,0,0,0,0,0,0
15/01/19 15:00,1,0,0,0,0,0,0,0,0,0,0,0,0,0,0,0
15/01/19 16:00,1,0,0,0,0,0,0,0,0,0,0,0,0,0,0,0
15/01/19 17:00,1,0,0,0,0,0,0,0,0,0,0,0,0,0,0,0
15/01/19 18:00,1,0,0,0,0,0,0,0,0,0,0,0,0,0,0,0
15/01/19 19:00,1,0,0,0,0,0,0,0,0,0,0,0,0,0,0,0
15/01/19 20:00,1,0,0,0,0,0,0,0,0,0,0,0,0,0,0,0
15/01/19 21:00,1,0,0,0,0,0,0,0,0,0,0,0,0,0,0,0
15/01/19 22:00,1,0,0,0,0,0,0,0,0,0,0,0,0,0,0,0
15/01/19 23:00,1,0,0,0,0,0,0,0,0,0,0,0,0,0,0,0
16/01/19 00:00,1,0,0,0,0,0,0,0,0,0,0,0,0,0,0,0
16/01/19 01:00,1,0,0,0,0,0,0,0,0,0,0,0,0,0,0,0
16/01/19 02:00,1,0,0,0,0,0,0,0,0,0,0,0,0,0,0,0
16/01/19 03:00,1,0,0,0,0,0,0,0,0,0,0,0,0,0,0,0
16/01/19 04:00,1,0,0,0,0,0,0,0,0,0,0,0,0,0,0,0
16/01/19 05:00,1,0,0,0,0,0,0,0,0,0,0,0,0,0,0,0
16/01/19 06:00,1,0,0,0,0,0,0,0,0,0,0,0,0,0,0,0
16/01/19 07:00,1,0,0,0,0,0,0,0,0,0,0,0,0,0,0,0
16/01/19 08:00,1,0,0,0,0,0,0,0,0,0,0,0,0,0,0,0
16/01/19 09:00,1,0,0,0,0,0,0,0,0,0,0,0,0,0,0,0
16/01/19 10:00,1,0,0,0,0,0,0,0,0,0,0,0,0,0,0,0
16/01/19 11:00,1,0,0,0,0,0,0,0,0,0,0,0,0,0,0,0
16/01/19 12:00,1,0,0,0,0,0,0,0,0,0,0,0,0,0,0,0
16/01/19 13:00,1,0,0,0,0,0,0,0,0,0,0,0,0,0,0,0
16/01/19 14:00,1,0,0,0,0,0,0,0,0,0,0,0,0,0,0,0
16/01/19 15:00,1,0,0,0,0,0,0,0,0,0,0,0,0,0,0,0
16/01/19 16:00,1,0,0,0,0,0,0,0,0,0,0,0,0,0,0,0
16/01/19 17:00,1,0,0,0,0,0,0,0,0,0,0,0,0,0,0,0
16/01/19 18:00,1,0,0,0,0,0,0,0,0,0,0,0,0,0,0,0
16/01/19 19:00,1,0,0,0,0,0,0,0,0,0,0,0,0,0,0,0
16/01/19 20:00,1,0,0,0,0,0,0,0,0,0,0,0,0,0,0,0
16/01/19 21:00,1,0,0,0,0,0,0,0,0,0,0,0,0,0,0,0
16/01/19 22:00,1,0,0,0,0,0,0,0,0,0,0,0,0,0,0,0
16/01/19 23:00,1,0,0,0,0,0,0,0,0,0,0,0,0,0,0,0
17/01/19 00:00,1,0,0,0,0,0,0,0,0,0,0,0,0,0,0,0
17/01/19 01:00,1,0,0,0,0,0,0,0,0,0,0,0,0,0,0,0
17/01/19 02:00,1,0,0,0,0,0,0,0,0,0,0,0,0,0,0,0
17/01/19 03:00,1,0,0,0,0,0,0,0,0,0,0,0,0,0,0,0
17/01/19 04:00,1,0,0,0,0,0,0,0,0,0,0,0,0,0,0,0
17/01/19 05:00,1,0,0,0,0,0,0,0,0,0,0,0,0,0,0,0
17/01/19 06:00,1,0,0,0,0,0,0,0,0,0,0,0,0,0,0,0
17/01/19 07:00,1,0,0,0,0,0,0,0,0,0,0,0,0,0,0,0
17/01/19 08:00,1,0,0,0,0,0,0,0,0,0,0,0,0,0,0,0
17/01/19 09:00,1,0,0,0,0,0,0,0,0,0,0,0,0,0,0,0
17/01/19 10:00,1,0,0,0,0,0,0,0,0,0,0,0,0,0,0,0
17/01/19 11:00,1,0,0,0,0,0,0,0,0,0,0,0,0,0,0,0
17/01/19 12:00,1,0,0,0,0,0,0,0,0,0,0,0,0,0,0,0
17/01/19 13:00,1,0,0,0,0,0,0,0,0,0,0,0,0,0,0,0
17/01/19 14:00,1,0,0,0,0,0,0,0,0,0,0,0,0,0,0,0
17/01/19 15:00,1,0,0,0,0,0,0,0,0,0,0,0,0,0,0,0
17/01/19 16:00,1,0,0,0,0,0,0,0,0,0,0,0,0,0,0,0
17/01/19 17:00,1,0,0,0,0,0,0,0,0,0,0,0,0,0,0,0
17/01/19 18:00,1,0,0,0,0,0,0,0,0,0,0,0,0,0,0,0
17/01/19 19:00,1,0,0,0,0,0,0,0,0,0,0,0,0,0,0,0
17/01/19 20:00,1,0,0,0,0,0,0,0,0,0,0,0,0,0,0,0
17/01/19 21:00,1,0,0,0,0,0,0,0,0,0,0,0,0,0,0,0
17/01/19 22:00,1,0,0,0,0,0,0,0,0,0,0,0,0,0,0,0
17/01/19 23:00,1,0,0,0,0,0,0,0,0,0,0,0,0,0,0,0
18/01/19 00:00,1,0,0,0,0,0,0,0,0,0,0,0,0,0,0,0
18/01/19 01:00,1,0,0,0,0,0,0,0,0,0,0,0,0,0,0,0
18/01/19 02:00,1,0,0,0,0,0,0,0,0,0,0,0,0,0,0,0
18/01/19 03:00,1,0,0,0,0,0,0,0,0,0,0,0,0,0,0,0
18/01/19 04:00,1,0,0,0,0,0,0,0,0,0,0,0,0,0,0,0
18/01/19 05:00,1,0,0,0,0,0,0,0,0,0,0,0,0,0,0,0
18/01/19 06:00,1,0,0,0,0,0,0,0,0,0,0,0,0,0,0,0
18/01/19 07:00,1,0,0,0,0,0,0,0,0,0,0,0,0,0,0,0
18/01/19 08:00,1,0,0,0,0,0,0,0,0,0,0,0,0,0,0,0
18/01/19 09:00,1,0,0,0,0,0,0,0,0,0,0,0,0,0,0,0
18/01/19 10:00,1,0,0,0,0,0,0,0,0,0,0,0,0,0,0,0
18/01/19 11:00,1,0,0,0,0,0,0,0,0,0,0,0,0,0,0,0
18/01/19 12:00,1,0,0,0,0,0,0,0,0,0,0,0,0,0,0,0
18/01/19 13:00,1,0,0,0,0,0,0,0,0,0,0,0,0,0,0,0
18/01/19 14:00,1,0,0,0,0,0,0,0,0,0,0,0,0,0,0,0
18/01/19 15:00,1,0,0,0,0,0,0,0,0,0,0,0,0,0,0,0
18/01/19 16:00,1,0,0,0,0,0,0,0,0,0,0,0,0,0,0,0
18/01/19 17:00,1,0,0,0,0,0,0,0,0,0,0,0,0,0,0,0
18/01/19 18:00,1,0,0,0,0,0,0,0,0,0,0,0,0,0,0,0
18/01/19 19:00,1,0,0,0,0,0,0,0,0,0,0,0,0,0,0,0
18/01/19 20:00,1,0,0,0,0,0,0,0,0,0,0,0,0,0,0,0
18/01/19 21:00,1,0,0,0,0,0,0,0,0,0,0,0,0,0,0,0
18/01/19 22:00,1,0,0,0,0,0,0,0,0,0,0,0,0,0,0,0
18/01/19 23:00,1,0,0,0,0,0,0,0,0,0,0,0,0,0,0,0
19/01/19 00:00,1,0,0,0,0,0,0,0,0,0,0,0,0,0,0,0
19/01/19 01:00,1,0,0,0,0,0,0,0,0,0,0,0,0,0,0,0
19/01/19 02:00,1,0,0,0,0,0,0,0,0,0,0,0,0,0,0,0
19/01/19 03:00,1,0,0,0,0,0,0,0,0,0,0,0,0,0,0,0
19/01/19 04:00,1,0,0,0,0,0,0,0,0,0,0,0,0,0,0,0
19/01/19 05:00,1,0,0,0,0,0,0,0,0,0,0,0,0,0,0,0
19/01/19 06:00,1,0,0,0,0,0,0,0,0,0,0,0,0,0,0,0
19/01/19 07:00,1,0,0,0,0,0,0,0,0,0,0,0,0,0,0,0
19/01/19 08:00,1,0,0,0,0,0,0,0,0,0,0,0,0,0,0,0
19/01/19 09:00,1,0,0,0,0,0,0,0,0,0,0,0,0,0,0,0
19/01/19 10:00,1,0,0,0,0,0,0,0,0,0,0,0,0,0,0,0
19/01/19 11:00,1,0,0,0,0,0,0,0,0,0,0,0,0,0,0,0
19/01/19 12:00,1,0,0,0,0,0,0,0,0,0,0,0,0,0,0,0
19/01/19 13:00,1,0,0,0,0,0,0,0,0,0,0,0,0,0,0,0
19/01/19 14:00,1,0,0,0,0,0,0,0,0,0,0,0,0,0,0,0
19/01/19 15:00,1,0,0,0,0,0,0,0,0,0,0,0,0,0,0,0
19/01/19 16:00,1,0,0,0,0,0,0,0,0,0,0,0,0,0,0,0
19/01/19 17:00,1,0,0,0,0,0,0,0,0,0,0,0,0,0,0,0
19/01/19 18:00,1,0,0,0,0,0,0,0,0,0,0,0,0,0,0,0
19/01/19 19:00,1,0,0,0,0,0,0,0,0,0,0,0,0,0,0,0
19/01/19 20:00,1,0,0,0,0,0,0,0,0,0,0,0,0,0,0,0
19/01/19 21:00,1,0,0,0,0,0,0,0,0,0,0,0,0,0,0,0
19/01/19 22:00,1,0,0,0,0,0,0,0,0,0,0,0,0,0,0,0
19/01/19 23:00,1,0,0,0,0,0,0,0,0,0,0,0,0,0,0,0
20/01/19 00:00,1,0,0,0,0,0,0,0,0,0,0,0,0,0,0,0
20/01/19 01:00,1,0,0,0,0,0,0,0,0,0,0,0,0,0,0,0
20/01/19 02:00,1,0,0,0,0,0,0,0,0,0,0,0,0,0,0,0
20/01/19 03:00,1,0,0,0,0,0,0,0,0,0,0,0,0,0,0,0
20/01/19 04:00,1,0,0,0,0,0,0,0,0,0,0,0,0,0,0,0
20/01/19 05:00,1,0,0,0,0,0,0,0,0,0,0,0,0,0,0,0
20/01/19 06:00,1,0,0,0,0,0,0,0,0,0,0,0,0,0,0,0
20/01/19 07:00,1,0,0,0,0,0,0,0,0,0,0,0,0,0,0,0
20/01/19 08:00,1,0,0,0,0,0,0,0,0,0,0,0,0,0,0,0
20/01/19 09:00,1,0,0,0,0,0,0,0,0,0,0,0,0,0,0,0
20/01/19 10:00,1,0,0,0,0,0,0,0,0,0,0,0,0,0,0,0
20/01/19 11:00,1,0,0,0,0,0,0,0,0,0,0,0,0,0,0,0
20/01/19 12:00,1,0,0,0,0,0,0,0,0,0,0,0,0,0,0,0
20/01/19 13:00,1,0,0,0,0,0,0,0,0,0,0,0,0,0,0,0
20/01/19 14:00,1,0,0,0,0,0,0,0,0,0,0,0,0,0,0,0
20/01/19 15:00,1,0,0,0,0,0,0,0,0,0,0,0,0,0,0,0
20/01/19 16:00,1,0,0,0,0,0,0,0,0,0,0,0,0,0,0,0
20/01/19 17:00,1,0,0,0,0,0,0,0,0,0,0,0,0,0,0,0
20/01/19 18:00,1,0,0,0,0,0,0,0,0,0,0,0,0,0,0,0
20/01/19 19:00,1,0,0,0,0,0,0,0,0,0,0,0,0,0,0,0
20/01/19 20:00,1,0,0,0,0,0,0,0,0,0,0,0,0,0,0,0
20/01/19 21:00,1,0,0,0,0,0,0,0,0,0,0,0,0,0,0,0
20/01/19 22:00,1,0,0,0,0,0,0,0,0,0,0,0,0,0,0,0
20/01/19 23:00,1,0,0,0,0,0,0,0,0,0,0,0,0,0,0,0
21/01/19 00:00,1,0,0,0,0,0,0,0,0,0,0,0,0,0,0,0
21/01/19 01:00,1,0,0,0,0,0,0,0,0,0,0,0,0,0,0,0
21/01/19 02:00,1,0,0,0,0,0,0,0,0,0,0,0,0,0,0,0
21/01/19 03:00,1,0,0,0,0,0,0,0,0,0,0,0,0,0,0,0
21/01/19 04:00,1,0,0,0,0,0,0,0,0,0,0,0,0,0,0,0
21/01/19 05:00,1,0,0,0,0,0,0,0,0,0,0,0,0,0,0,0
21/01/19 06:00,1,0,0,0,0,0,0,0,0,0,0,0,0,0,0,0
21/01/19 07:00,1,0,0,0,0,0,0,0,0,0,0,0,0,0,0,0
21/01/19 08:00,1,0,0,0,0,0,0,0,0,0,0,0,0,0,0,0
21/01/19 09:00,1,0,0,0,0,0,0,0,0,0,0,0,0,0,0,0
21/01/19 10:00,1,0,0,0,0,0,0,0,0,0,0,0,0,0,0,0
21/01/19 11:00,1,0,0,0,0,0,0,0,0,0,0,0,0,0,0,0
21/01/19 12:00,1,0,0,0,0,0,0,0,0,0,0,0,0,0,0,0
21/01/19 13:00,1,0,0,0,0,0,0,0,0,0,0,0,0,0,0,0
21/01/19 14:00,1,0,0,0,0,0,0,0,0,0,0,0,0,0,0,0
21/01/19 15:00,1,0,0,0,0,0,0,0,0,0,0,0,0,0,0,0
21/01/19 16:00,1,0,0,0,0,0,0,0,0,0,0,0,0,0,0,0
21/01/19 17:00,1,0,0,0,0,0,0,0,0,0,0,0,0,0,0,0
21/01/19 18:00,1,0,0,0,0,0,0,0,0,0,0,0,0,0,0,0
21/01/19 19:00,1,0,0,0,0,0,0,0,0,0,0,0,0,0,0,0
21/01/19 20:00,1,0,0,0,0,0,0,0,0,0,0,0,0,0,0,0
21/01/19 21:00,1,0,0,0,0,0,0,0,0,0,0,0,0,0,0,0
21/01/19 22:00,1,0,0,0,0,0,0,0,0,0,0,0,0,0,0,0
21/01/19 23:00,1,0,0,0,0,0,0,0,0,0,0,0,0,0,0,0
22/01/19 00:00,1,0,0,0,0,0,0,0,0,0,0,0,0,0,0,0
22/01/19 01:00,1,0,0,0,0,0,0,0,0,0,0,0,0,0,0,0
22/01/19 02:00,1,0,0,0,0,0,0,0,0,0,0,0,0,0,0,0
22/01/19 03:00,1,0,0,0,0,0,0,0,0,0,0,0,0,0,0,0
22/01/19 04:00,1,0,0,0,0,0,0,0,0,0,0,0,0,0,0,0
22/01/19 05:00,1,0,0,0,0,0,0,0,0,0,0,0,0,0,0,0
22/01/19 06:00,1,0,0,0,0,0,0,0,0,0,0,0,0,0,0,0
22/01/19 07:00,1,0,0,0,0,0,0,0,0,0,0,0,0,0,0,0
22/01/19 08:00,1,0,0,0,0,0,0,0,0,0,0,0,0,0,0,0
22/01/19 09:00,1,0,0,0,0,0,0,0,0,0,0,0,0,0,0,0
22/01/19 10:00,1,0,0,0,0,0,0,0,0,0,0,0,0,0,0,0
22/01/19 11:00,1,0,0,0,0,0,0,0,0,0,0,0,0,0,0,0
22/01/19 12:00,1,0,0,0,0,0,0,0,0,0,0,0,0,0,0,0
22/01/19 13:00,1,0,0,0,0,0,0,0,0,0,0,0,0,0,0,0
22/01/19 14:00,1,0,0,0,0,0,0,0,0,0,0,0,0,0,0,0
22/01/19 15:00,1,0,0,0,0,0,0,0,0,0,0,0,0,0,0,0
22/01/19 16:00,1,0,0,0,0,0,0,0,0,0,0,0,0,0,0,0
22/01/19 17:00,1,0,0,0,0,0,0,0,0,0,0,0,0,0,0,0
22/01/19 18:00,1,0,0,0,0,0,0,0,0,0,0,0,0,0,0,0
22/01/19 19:00,1,0,0,0,0,0,0,0,0,0,0,0,0,0,0,0
22/01/19 20:00,1,0,0,0,0,0,0,0,0,0,0,0,0,0,0,0
22/01/19 21:00,1,0,0,0,0,0,0,0,0,0,0,0,0,0,0,0
22/01/19 22:00,1,0,0,0,0,0,0,0,0,0,0,0,0,0,0,0
22/01/19 23:00,1,0,0,0,0,0,0,0,0,0,0,0,0,0,0,0
23/01/19 00:00,1,0,0,0,0,0,0,0,0,0,0,0,0,0,0,0
23/01/19 01:00,1,0,0,0,0,0,0,0,0,0,0,0,0,0,0,0
23/01/19 02:00,1,0,0,0,0,0,0,0,0,0,0,0,0,0,0,0
23/01/19 03:00,1,0,0,0,0,0,0,0,0,0,0,0,0,0,0,0
23/01/19 04:00,1,0,0,0,0,0,0,0,0,0,0,0,0,0,0,0
23/01/19 05:00,1,0,0,0,0,0,0,0,0,0,0,0,0,0,0,0
23/01/19 06:00,1,0,0,0,0,0,0,0,0,0,0,0,0,0,0,0
23/01/19 07:00,1,0,0,0,0,0,0,0,0,0,0,0,0,0,0,0
23/01/19 08:00,1,0,0,0,0,0,0,0,0,0,0,0,0,0,0,0
23/01/19 09:00,1,0,0,0,0,0,0,0,0,0,0,0,0,0,0,0
23/01/19 10:00,1,0,0,0,0,0,0,0,0,0,0,0,0,0,0,0
23/01/19 11:00,1,0,0,0,0,0,0,0,0,0,0,0,0,0,0,0
23/01/19 12:00,1,0,0,0,0,0,0,0,0,0,0,0,0,0,0,0
23/01/19 13:00,1,0,0,0,0,0,0,0,0,0,0,0,0,0,0,0
23/01/19 14:00,1,0,0,0,0,0,0,0,0,0,0,0,0,0,0,0
23/01/19 15:00,1,0,0,0,0,0,0,0,0,0,0,0,0,0,0,0
23/01/19 16:00,1,0,0,0,0,0,0,0,0,0,0,0,0,0,0,0
23/01/19 18:00,1,0,0,0,0,0,0,0,0,0,0,0,0,0,0,0
23/01/19 19:00,1,0,0,0,0,0,0,0,0,0,0,0,0,0,0,0
23/01/19 20:00,1,0,0,0,0,0,0,0,0,0,0,0,0,0,0,0
23/01/19 21:00,1,0,0,0,0,0,0,0,0,0,0,0,0,0,0,0
23/01/19 22:00,1,0,0,0,0,0,0,0,0,0,0,0,0,0,0,0
23/01/19 23:00,1,0,0,0,0,0,0,0,0,0,0,0,0,0,0,0
24/01/19 00:00,1,0,0,0,0,0,0,0,0,0,0,0,0,0,0,0
24/01/19 11:00,1,0,0,0,0,0,0,0,0,0,0,0,0,0,0,0
24/01/19 12:00,1,0,0,0,0,0,0,0,0,0,0,0,0,0,0,0
24/01/19 13:00,1,0,0,0,0,0,0,0,0,0,0,0,0,0,0,0
24/01/19 14:00,1,0,0,0,0,0,0,0,0,0,0,0,0,0,0,0
24/01/19 15:00,1,0,0,0,0,0,0,0,0,0,0,0,0,0,0,0
24/01/19 16:00,1,0,0,0,0,0,0,0,0,0,0,0,0,0,0,0
24/01/19 17:00,1,0,0,0,0,0,0,0,0,0,0,0,0,0,0,0
24/01/19 18:00,1,0,0,0,0,0,0,0,0,0,0,0,0,0,0,0
24/01/19 19:00,1,0,0,0,0,0,0,0,0,0,0,0,0,0,0,0
24/01/19 20:00,1,0,0,0,0,0,0,0,0,0,0,0,0,0,0,0
24/01/19 21:00,1,0,0,0,0,0,0,0,0,0,0,0,0,0,0,0
24/01/19 22:00,1,0,0,0,0,0,0,0,0,0,0,0,0,0,0,0
24/01/19 23:00,1,0,0,0,0,0,0,0,0,0,0,0,0,0,0,0
25/01/19 00:00,1,0,0,0,0,0,0,0,0,0,0,0,0,0,0,0
25/01/19 01:00,1,0,0,0,0,0,0,0,0,0,0,0,0,0,0,0
25/01/19 02:00,1,0,0,0,0,0,0,0,0,0,0,0,0,0,0,0
25/01/19 03:00,1,0,0,0,0,0,0,0,0,0,0,0,0,0,0,0
25/01/19 04:00,1,0,0,0,0,0,0,0,0,0,0,0,0,0,0,0
25/01/19 05:00,1,0,0,0,0,0,0,0,0,0,0,0,0,0,0,0
25/01/19 06:00,1,0,0,0,0,0,0,0,0,0,0,0,0,0,0,0
25/01/19 07:00,1,0,0,0,0,0,0,0,0,0,0,0,0,0,0,0
25/01/19 08:00,1,0,0,0,0,0,0,0,0,0,0,0,0,0,0,0
25/01/19 09:00,1,0,0,0,0,0,0,0,0,0,0,0,0,0,0,0
25/01/19 10:00,1,0,0,0,0,0,0,0,0,0,0,0,0,0,0,0
25/01/19 11:00,1,0,0,0,0,0,0,0,0,0,0,0,0,0,0,0
25/01/19 12:00,1,0,0,0,0,0,0,0,0,0,0,0,0,0,0,0
25/01/19 13:00,1,0,0,0,0,0,0,0,0,0,0,0,0,0,0,0
25/01/19 14:00,1,0,0,0,0,0,0,0,0,0,0,0,0,0,0,0
25/01/19 15:00,1,0,0,0,0,0,0,0,0,0,0,0,0,0,0,0
25/01/19 16:00,1,0,0,0,0,0,0,0,0,0,0,0,0,0,0,0
25/01/19 17:00,1,0,0,0,0,0,0,0,0,0,0,0,0,0,0,0
25/01/19 18:00,1,0,0,0,0,0,0,0,0,0,0,0,0,0,0,0
25/01/19 19:00,1,0,0,0,0,0,0,0,0,0,0,0,0,0,0,0
25/01/19 20:00,1,0,0,0,0,0,0,0,0,0,0,0,0,0,0,0
29/01/19 22:00,1,0,0,0,0,0,0,0,0,0,0,0,0,0,0,0
29/01/19 23:00,1,0,0,0,0,0,0,0,0,0,0,0,0,0,0,0
30/01/19 00:00,1,0,0,0,0,0,0,0,0,0,0,0,0,0,0,0
30/01/19 01:00,1,0,0,0,0,0,0,0,0,0,0,0,0,0,0,0
30/01/19 02:00,1,0,0,0,0,0,0,0,0,0,0,0,0,0,0,0
30/01/19 03:00,1,0,0,0,0,0,0,0,0,0,0,0,0,0,0,0
30/01/19 04:00,1,0,0,0,0,0,0,0,0,0,0,0,0,0,0,0
30/01/19 05:00,1,0,0,0,0,0,0,0,0,0,0,0,0,0,0,0
30/01/19 06:00,1,0,0,0,0,0,0,0,0,0,0,0,0,0,0,0
30/01/19 07:00,1,0,0,0,0,0,0,0,0,0,0,0,0,0,0,0
30/01/19 08:00,1,0,0,0,0,0,0,0,0,0,0,0,0,0,0,0
30/01/19 09:00,1,0,0,0,0,0,0,0,0,0,0,0,0,0,0,0
30/01/19 10:00,1,0,0,0,0,0,0,0,0,0,0,0,0,0,0,0
30/01/19 11:00,1,0,0,0,0,0,0,0,0,0,0,0,0,0,0,0
30/01/19 12:00,1,0,0,0,0,0,0,0,0,0,0,0,0,0,0,0
30/01/19 13:00,1,0,0,0,0,0,0,0,0,0,0,0,0,0,0,0
30/01/19 14:00,1,0,0,0,0,0,0,0,0,0,0,0,0,0,0,0
30/01/19 15:00,1,0,0,0,0,0,0,0,0,0,0,0,0,0,0,0
30/01/19 16:00,1,0,0,0,0,0,0,0,0,0,0,0,0,0,0,0
30/01/19 17:00,1,0,0,0,0,0,0,0,0,0,0,0,0,0,0,0
30/01/19 18:00,1,0,0,0,0,0,0,0,0,0,0,0,0,0,0,0
30/01/19 19:00,1,0,0,0,0,0,0,0,0,0,0,0,0,0,0,0
30/01/19 20:00,1,0,0,0,0,0,0,0,0,0,0,0,0,0,0,0
30/01/19 21:00,1,0,0,0,0,0,0,0,0,0,0,0,0,0,0,0
30/01/19 22:00,1,0,0,0,0,0,0,0,0,0,0,0,0,0,0,0
30/01/19 23:00,1,0,0,0,0,0,0,0,0,0,0,0,0,0,0,0
31/01/19 00:00,1,0,0,0,0,0,0,0,0,0,0,0,0,0,0,0
31/01/19 01:00,1,0,0,0,0,0,0,0,0,0,0,0,0,0,0,0
31/01/19 02:00,1,0,0,0,0,0,0,0,0,0,0,0,0,0,0,0
31/01/19 03:00,1,0,0,0,0,0,0,0,0,0,0,0,0,0,0,0
31/01/19 04:00,1,0,0,0,0,0,0,0,0,0,0,0,0,0,0,0
31/01/19 05:00,1,0,0,0,0,0,0,0,0,0,0,0,0,0,0,0
31/01/19 06:00,1,0,0,0,0,0,0,0,0,0,0,0,0,0,0,0
31/01/19 07:00,1,0,0,0,0,0,0,0,0,0,0,0,0,0,0,0
31/01/19 08:00,1,0,0,0,0,0,0,0,0,0,0,0,0,0,0,0
31/01/19 09:00,1,0,0,0,0,0,0,0,0,0,0,0,0,0,0,0
31/01/19 10:00,1,0,0,0,0,0,0,0,0,0,0,0,0,0,0,0
31/01/19 11:00,1,0,0,0,0,0,0,0,0,0,0,0,0,0,0,0
31/01/19 12:00,1,0,0,0,0,0,0,0,0,0,0,0,0,0,0,0
